list_id,stable_meta_label,current_title,idea_list_url,displayed_count,unique_asins,changed_since_previous_run,count_status,missing_from_displayed_count,source
43J6PJOVYKC9,IL_43J6PJOVYKC9,$50 WINTER FASHION,https://www.amazon.com/shop/thehillarystyle/list/43J6PJOVYKC9,142,88,yes,incomplete,54,browser
3RT5O1LPLW4HX,IL_3RT5O1LPLW4HX,2025 TOP SELLERS,https://www.amazon.com/shop/thehillarystyle/list/3RT5O1LPLW4HX,61,69,no,complete,0,browser
1NSB6B4CK6NM1,IL_1NSB6B4CK6NM1,48 Yr Old Mom of 5 - What I am OBSESSED over!,https://www.amazon.com/shop/thehillarystyle/list/1NSB6B4CK6NM1,68,72,yes,complete,0,browser
2EHNEZELPW5NA,IL_2EHNEZELPW5NA,AFFORDABLE DECOR,https://www.amazon.com/shop/thehillarystyle/list/2EHNEZELPW5NA,162,90,yes,incomplete,72,browser
202RY6J21JOG9,IL_202RY6J21JOG9,AMAZING NEW Home Finds,https://www.amazon.com/shop/thehillarystyle/list/202RY6J21JOG9,17,25,no,complete,0,browser
1UGCFJJRVROLC,IL_1UGCFJJRVROLC,Amazon Furniture in Our Home,https://www.amazon.com/shop/thehillarystyle/list/1UGCFJJRVROLC,20,30,no,complete,0,browser
K5H00QYC3R1G,IL_K5H00QYC3R1G,April Amazon Live,https://www.amazon.com/shop/thehillarystyle/list/K5H00QYC3R1G,75,74,yes,incomplete,1,browser
181FEP0C2U0RU,IL_181FEP0C2U0RU,APRIL Best Sellers,https://www.amazon.com/shop/thehillarystyle/list/181FEP0C2U0RU,284,73,yes,incomplete,211,browser
31LARMS9JHPGT,IL_31LARMS9JHPGT,ATHEISURE,https://www.amazon.com/shop/thehillarystyle/list/31LARMS9JHPGT,50,58,yes,complete,0,browser
3GE7XODL0Z5A3,IL_3GE7XODL0Z5A3,ATHLETIC DRESSES,https://www.amazon.com/shop/thehillarystyle/list/3GE7XODL0Z5A3,45,54,no,complete,0,browser
DSS93TBPVRP5,IL_DSS93TBPVRP5,AUGUST TOP PICKS,https://www.amazon.com/shop/thehillarystyle/list/DSS93TBPVRP5,242,73,yes,incomplete,169,browser
2NDA05KNMQH4,IL_2NDA05KNMQH4,AUTUMN Vibes,https://www.amazon.com/shop/thehillarystyle/list/2NDA05KNMQH4,150,89,yes,incomplete,61,browser
1YYODGJOLLLRT,IL_1YYODGJOLLLRT,BARCART,https://www.amazon.com/shop/thehillarystyle/list/1YYODGJOLLLRT,26,36,no,complete,0,browser
L3V3XJ5WT8SV,IL_L3V3XJ5WT8SV,BATHROOM Essentials,https://www.amazon.com/shop/thehillarystyle/list/L3V3XJ5WT8SV,194,90,yes,incomplete,104,browser
Q8UFO5D52NKD,IL_Q8UFO5D52NKD,BATHROOM Organization,https://www.amazon.com/shop/thehillarystyle/list/Q8UFO5D52NKD,74,83,no,complete,0,browser
QWA0HLMH0ZPN,IL_QWA0HLMH0ZPN,BATHROOM REMODEL,https://www.amazon.com/shop/thehillarystyle/list/QWA0HLMH0ZPN,44,54,no,complete,0,browser
WPS59NJ19M48,IL_WPS59NJ19M48,BEAUTY & SKINCARE,https://www.amazon.com/shop/thehillarystyle/list/WPS59NJ19M48,151,71,yes,incomplete,80,browser
174AROJG7VER7,IL_174AROJG7VER7,BEAUTY MUST-HAVES,https://www.amazon.com/shop/thehillarystyle/list/174AROJG7VER7,145,71,yes,incomplete,74,browser
1QMQ9WWH79VRL,IL_1QMQ9WWH79VRL,BED & BATH FINDS,https://www.amazon.com/shop/thehillarystyle/list/1QMQ9WWH79VRL,76,69,yes,incomplete,7,browser
1LFWTJH9UBPKU,IL_1LFWTJH9UBPKU,BEDDING. PILLOWS. THROWS. TOWELS.,https://www.amazon.com/shop/thehillarystyle/list/1LFWTJH9UBPKU,97,74,yes,incomplete,23,browser
3MJSZFZU5658,IL_3MJSZFZU5658,BEDDING: LUXURY finds in Our Home,https://www.amazon.com/shop/thehillarystyle/list/3MJSZFZU5658,64,72,no,complete,0,browser
2HG2TBY26H9IW,IL_2HG2TBY26H9IW,BEDROOM STYLE,https://www.amazon.com/shop/thehillarystyle/list/2HG2TBY26H9IW,63,73,yes,complete,0,browser
18H5BP5V6EGYM,IL_18H5BP5V6EGYM,BEDS. DRESSERS. NIGHTSTANDS.,https://www.amazon.com/shop/thehillarystyle/list/18H5BP5V6EGYM,103,68,yes,incomplete,35,browser
3DS692CRM1BGS,IL_3DS692CRM1BGS,BEST SELLERS,https://www.amazon.com/shop/thehillarystyle/list/3DS692CRM1BGS,265,74,yes,incomplete,191,browser
3CQZYKSH60HA3,IL_3CQZYKSH60HA3,BOY'S Bathroom,https://www.amazon.com/shop/thehillarystyle/list/3CQZYKSH60HA3,19,29,no,complete,0,browser
3R1F2KZC9BJXJ,IL_3R1F2KZC9BJXJ,BRIDE- Spoil Her for the Big Day!,https://www.amazon.com/shop/thehillarystyle/list/3R1F2KZC9BJXJ,60,70,no,complete,0,browser
32JT2D5T30E4J,IL_32JT2D5T30E4J,BURGUNDY CRUSH,https://www.amazon.com/shop/thehillarystyle/list/32JT2D5T30E4J,50,58,yes,complete,0,browser
2Q8H0EUR30UN9,IL_2Q8H0EUR30UN9,CABINETS. SIDEBOARDS. BUFFETS. CONSOLES.,https://www.amazon.com/shop/thehillarystyle/list/2Q8H0EUR30UN9,375,62,yes,incomplete,313,browser
ITC144HBA2XS,IL_ITC144HBA2XS,CANDLE HOLDERS. CANDLE STICKS.,https://www.amazon.com/shop/thehillarystyle/list/ITC144HBA2XS,36,42,yes,complete,0,browser
3TE1WGJI4HUK8,IL_3TE1WGJI4HUK8,CAR ORGANIZATION,https://www.amazon.com/shop/thehillarystyle/list/3TE1WGJI4HUK8,68,73,yes,complete,0,browser
1BKDYBCCXK5YE,IL_1BKDYBCCXK5YE,CARTS DON'T LIE — These were May's biggest hits.,https://www.amazon.com/shop/thehillarystyle/list/1BKDYBCCXK5YE,52,55,yes,complete,0,browser
QR27F03IP4AQ,IL_QR27F03IP4AQ,CHIC 2-PIECE SETS,https://www.amazon.com/shop/thehillarystyle/list/QR27F03IP4AQ,129,74,yes,incomplete,55,browser
2GR0M7LHWL1O,IL_2GR0M7LHWL1O,CHIC WITHOUT THE SPLURGE TRAVEL,https://www.amazon.com/shop/thehillarystyle/list/2GR0M7LHWL1O,92,74,yes,incomplete,18,browser
1R4YIGU257W50,IL_1R4YIGU257W50,CLOSET Organizing,https://www.amazon.com/shop/thehillarystyle/list/1R4YIGU257W50,60,70,no,complete,0,browser
FJAM99COX1K9,IL_FJAM99COX1K9,COFFEE BAR Essentials,https://www.amazon.com/shop/thehillarystyle/list/FJAM99COX1K9,33,42,yes,complete,0,browser
1NFO0QLH5HS6Y,IL_1NFO0QLH5HS6Y,COFFEE TABLE BOOKS,https://www.amazon.com/shop/thehillarystyle/list/1NFO0QLH5HS6Y,87,70,yes,incomplete,17,browser
2RDBP13815B8R,IL_2RDBP13815B8R,COFFEE TABLES. SIDE TABLES. ACCENT TABLES,https://www.amazon.com/shop/thehillarystyle/list/2RDBP13815B8R,256,88,yes,incomplete,168,browser
J39K6QG9TPDR,IL_J39K6QG9TPDR,CREATOR Favorites,https://www.amazon.com/shop/thehillarystyle/list/J39K6QG9TPDR,15,25,no,complete,0,browser
O5BIFXCH5S3Y,IL_O5BIFXCH5S3Y,CURTAINS,https://www.amazon.com/shop/thehillarystyle/list/O5BIFXCH5S3Y,28,38,no,complete,0,browser
32NJAOW4JT5JB,IL_32NJAOW4JT5JB,CYBER HOLIDAY,https://www.amazon.com/shop/thehillarystyle/list/32NJAOW4JT5JB,64,74,no,complete,0,browser
20Q0HRFOLM3K2,IL_20Q0HRFOLM3K2,DATE NIGHT FASHION,https://www.amazon.com/shop/thehillarystyle/list/20Q0HRFOLM3K2,98,90,yes,incomplete,8,browser
2PQNIB7PVLPT1,IL_2PQNIB7PVLPT1,DECEMBER Best Sellers,https://www.amazon.com/shop/thehillarystyle/list/2PQNIB7PVLPT1,376,87,yes,incomplete,289,browser
3JCDIMAGNYZ0E,IL_3JCDIMAGNYZ0E,DESIGNER INSPIRED,https://www.amazon.com/shop/thehillarystyle/list/3JCDIMAGNYZ0E,36,42,yes,complete,0,browser
3RKTIOM3H9T72,IL_3RKTIOM3H9T72,DINING ROOM,https://www.amazon.com/shop/thehillarystyle/list/3RKTIOM3H9T72,195,70,yes,incomplete,125,browser
1DUCBV6BSXOJF,IL_1DUCBV6BSXOJF,DORM ROOM ESSENTIALS,https://www.amazon.com/shop/thehillarystyle/list/1DUCBV6BSXOJF,49,58,yes,complete,0,browser
ED3VXSBXPFO5,IL_ED3VXSBXPFO5,EARLY Fall,https://www.amazon.com/shop/thehillarystyle/list/ED3VXSBXPFO5,91,90,yes,incomplete,1,browser
76ENHDCP4NP1,IL_76ENHDCP4NP1,EARNED A SPOT FOR LIFE!,https://www.amazon.com/shop/thehillarystyle/list/76ENHDCP4NP1,78,74,yes,incomplete,4,browser
34RHZWFKXT7UT,IL_34RHZWFKXT7UT,Effortless Chic Home,https://www.amazon.com/shop/thehillarystyle/list/34RHZWFKXT7UT,58,58,yes,complete,0,browser
13LSJDYI0DMAZ,IL_13LSJDYI0DMAZ,ELEMENTARY SCHOOL,https://www.amazon.com/shop/thehillarystyle/list/13LSJDYI0DMAZ,45,55,no,complete,0,browser
21T7CCUQI2DH5,IL_21T7CCUQI2DH5,ELEVATED Bathroom Must-Haves,https://www.amazon.com/shop/thehillarystyle/list/21T7CCUQI2DH5,31,40,no,complete,0,browser
WU8FIFLKC1R5,IL_WU8FIFLKC1R5,ELEVATED HOLIDAY FASHION,https://www.amazon.com/shop/thehillarystyle/list/WU8FIFLKC1R5,73,73,yes,complete,0,browser
V4V7ASEQMWKK,IL_V4V7ASEQMWKK,ELEVATED KITCHEN Must-Haves,https://www.amazon.com/shop/thehillarystyle/list/V4V7ASEQMWKK,71,74,yes,complete,0,browser
20ODL7UVO85YK,IL_20ODL7UVO85YK,ELEVATED SWIMWEAR,https://www.amazon.com/shop/thehillarystyle/list/20ODL7UVO85YK,38,42,yes,complete,0,browser
2GHS9RLET14RQ,IL_2GHS9RLET14RQ,ENTERTAINING Essentials,https://www.amazon.com/shop/thehillarystyle/list/2GHS9RLET14RQ,85,74,yes,incomplete,11,browser
M0U0DTYJP1BI,IL_M0U0DTYJP1BI,ENTRYWAY. FOYER.,https://www.amazon.com/shop/thehillarystyle/list/M0U0DTYJP1BI,32,40,no,complete,0,browser
341JHBPWHDBNK,IL_341JHBPWHDBNK,EUROPEAN SUMMER,https://www.amazon.com/shop/thehillarystyle/list/341JHBPWHDBNK,100,106,yes,complete,0,browser
1K9R04PZQD03N,IL_1K9R04PZQD03N,FALL LOUNGE SETS,https://www.amazon.com/shop/thehillarystyle/list/1K9R04PZQD03N,30,40,yes,complete,0,browser
3LEWC1H0K68XB,IL_3LEWC1H0K68XB,FASHION,https://www.amazon.com/shop/thehillarystyle/list/3LEWC1H0K68XB,352,90,yes,incomplete,262,browser
2WRZJHHWAS214,IL_2WRZJHHWAS214,FAUX & DRIED FLORALS,https://www.amazon.com/shop/thehillarystyle/list/2WRZJHHWAS214,38,42,yes,complete,0,browser
VRW78IY69242,IL_VRW78IY69242,FAUX INDOOR/OUTDOOR,https://www.amazon.com/shop/thehillarystyle/list/VRW78IY69242,26,35,no,complete,0,browser
1MB9961G83COM,IL_1MB9961G83COM,FEBRUARY Best Sellers,https://www.amazon.com/shop/thehillarystyle/list/1MB9961G83COM,407,89,yes,incomplete,318,browser
3ITM4V91K4422,IL_3ITM4V91K4422,FOR HER - HANDBAGS,https://www.amazon.com/shop/thehillarystyle/list/3ITM4V91K4422,133,100,yes,incomplete,33,browser
26IY6FNENQC7M,IL_26IY6FNENQC7M,FOR HIM - GIFT GUIDE,https://www.amazon.com/shop/thehillarystyle/list/26IY6FNENQC7M,291,72,yes,incomplete,219,browser
22L0SLOF07ITQ,IL_22L0SLOF07ITQ,For the Big Kids,https://www.amazon.com/shop/thehillarystyle/list/22L0SLOF07ITQ,38,40,yes,complete,0,browser
2C66SA5TXKNJK,IL_2C66SA5TXKNJK,For the Hostess - GIFT GUIDE,https://www.amazon.com/shop/thehillarystyle/list/2C66SA5TXKNJK,86,74,yes,incomplete,12,browser
3HBHLKKIJRXAQ,IL_3HBHLKKIJRXAQ,FRIDGE Organization,https://www.amazon.com/shop/thehillarystyle/list/3HBHLKKIJRXAQ,33,42,yes,complete,0,browser
31R6EZ6S1ERJH,IL_31R6EZ6S1ERJH,FRONT PORCH,https://www.amazon.com/shop/thehillarystyle/list/31R6EZ6S1ERJH,13,23,no,complete,0,browser
2V9Q1BLJC4BNW,IL_2V9Q1BLJC4BNW,FURNITURE In Our Home,https://www.amazon.com/shop/thehillarystyle/list/2V9Q1BLJC4BNW,15,25,no,complete,0,browser
2ABZ85AO7D848,IL_2ABZ85AO7D848,Furniture Mover REEL,https://www.amazon.com/shop/thehillarystyle/list/2ABZ85AO7D848,7,17,no,complete,0,browser
12L5JOTON77WY,IL_12L5JOTON77WY,GADGETS I CANNOT live WITHOUT,https://www.amazon.com/shop/thehillarystyle/list/12L5JOTON77WY,28,38,no,complete,0,browser
YYM41OHGI1KQ,IL_YYM41OHGI1KQ,GIFTING,https://www.amazon.com/shop/thehillarystyle/list/YYM41OHGI1KQ,99,72,yes,incomplete,27,browser
OJUSIV7RIXZX,IL_OJUSIV7RIXZX,GIFTS UNDER $25,https://www.amazon.com/shop/thehillarystyle/list/OJUSIV7RIXZX,93,88,yes,incomplete,5,browser
30ZOK8YSQFY5N,IL_30ZOK8YSQFY5N,GIFTS UNDER $50,https://www.amazon.com/shop/thehillarystyle/list/30ZOK8YSQFY5N,104,73,yes,incomplete,31,browser
3VBGW6RI08DIE,IL_3VBGW6RI08DIE,HAIR CARE,https://www.amazon.com/shop/thehillarystyle/list/3VBGW6RI08DIE,31,41,no,complete,0,browser
TOLRF8ZU3T5K,IL_TOLRF8ZU3T5K,HALLOWEEN,https://www.amazon.com/shop/thehillarystyle/list/TOLRF8ZU3T5K,85,90,yes,complete,0,browser
97O81RWTU3TG,IL_97O81RWTU3TG,HARDWARE & FINISHES,https://www.amazon.com/shop/thehillarystyle/list/97O81RWTU3TG,87,72,yes,incomplete,15,browser
136JGDBOWW0I4,IL_136JGDBOWW0I4,HEALTHY Living,https://www.amazon.com/shop/thehillarystyle/list/136JGDBOWW0I4,76,74,yes,incomplete,2,browser
29FTLXCTPVP41,IL_29FTLXCTPVP41,HILLARY'S BEACH Bag Essentials,https://www.amazon.com/shop/thehillarystyle/list/29FTLXCTPVP41,35,40,yes,complete,0,browser
1XPGUL8BC81KW,IL_1XPGUL8BC81KW,Hillary's NEWEST Finds,https://www.amazon.com/shop/thehillarystyle/list/1XPGUL8BC81KW,121,73,yes,incomplete,48,browser
1Q6KH53S4CVWD,IL_1Q6KH53S4CVWD,HOLIDAY BEST SELLERS,https://www.amazon.com/shop/thehillarystyle/list/1Q6KH53S4CVWD,21,31,no,complete,0,browser
1LKQL9NF315YS,IL_1LKQL9NF315YS,HOLIDAY COLOR CRUSHES 2025,https://www.amazon.com/shop/thehillarystyle/list/1LKQL9NF315YS,120,89,yes,incomplete,31,browser
ZN8TBHK35E0D,IL_ZN8TBHK35E0D,HOLIDAY ESSENTIALS,https://www.amazon.com/shop/thehillarystyle/list/ZN8TBHK35E0D,82,74,yes,incomplete,8,browser
2OL0SY0HD6BBS,IL_2OL0SY0HD6BBS,HOLIDAY EVENING Looks,https://www.amazon.com/shop/thehillarystyle/list/2OL0SY0HD6BBS,46,56,no,complete,0,browser
3U58T22AIU7ZR,IL_3U58T22AIU7ZR,HOLIDAY MUST-HAVES on AMAZON LIVE,https://www.amazon.com/shop/thehillarystyle/list/3U58T22AIU7ZR,38,41,yes,complete,0,browser
81C70Z4U4BII,IL_81C70Z4U4BII,HOLIDAY ON SALE,https://www.amazon.com/shop/thehillarystyle/list/81C70Z4U4BII,93,90,yes,incomplete,3,browser
CQQP654U5715,IL_CQQP654U5715,HOLIDAY THEMES 2025,https://www.amazon.com/shop/thehillarystyle/list/CQQP654U5715,198,72,yes,incomplete,126,browser
IRH0FVF815TU,IL_IRH0FVF815TU,HOME & BATH Essentials,https://www.amazon.com/shop/thehillarystyle/list/IRH0FVF815TU,171,88,yes,incomplete,83,browser
2V4ZM0XXYOP34,IL_2V4ZM0XXYOP34,HOME DECOR,https://www.amazon.com/shop/thehillarystyle/list/2V4ZM0XXYOP34,256,74,yes,incomplete,182,browser
31KXTI157WXNV,IL_31KXTI157WXNV,HOME OFFICE Essentials,https://www.amazon.com/shop/thehillarystyle/list/31KXTI157WXNV,18,28,no,complete,0,browser
M615BEYW486F,IL_M615BEYW486F,Home UPGRADES,https://www.amazon.com/shop/thehillarystyle/list/M615BEYW486F,19,28,no,complete,0,browser
SC6UJV027JAK,IL_SC6UJV027JAK,In MY Travel Bag,https://www.amazon.com/shop/thehillarystyle/list/SC6UJV027JAK,68,74,yes,complete,0,browser
F5Z67P4FFJC4,IL_F5Z67P4FFJC4,JANUARY Best Sellers,https://www.amazon.com/shop/thehillarystyle/list/F5Z67P4FFJC4,400,72,yes,incomplete,328,browser
2KYYGUEXPAOKJ,IL_2KYYGUEXPAOKJ,January Best Sellers 2,https://www.amazon.com/shop/thehillarystyle/list/2KYYGUEXPAOKJ,53,57,yes,complete,0,browser
1DXRHB098MRMA,IL_1DXRHB098MRMA,JOCELYN'S Space,https://www.amazon.com/shop/thehillarystyle/list/1DXRHB098MRMA,23,32,no,complete,0,browser
9FXRQ038D494,IL_9FXRQ038D494,JULY TOP PICKS,https://www.amazon.com/shop/thehillarystyle/list/9FXRQ038D494,177,74,yes,incomplete,103,browser
2Q5678F6BP61R,IL_2Q5678F6BP61R,JUNE TOP PICKS,https://www.amazon.com/shop/thehillarystyle/list/2Q5678F6BP61R,142,89,yes,incomplete,53,browser
3UQI8VF6F9P66,IL_3UQI8VF6F9P66,JUST IN - Organizing & Home,https://www.amazon.com/shop/thehillarystyle/list/3UQI8VF6F9P66,208,74,yes,incomplete,134,browser
EAQUVLIMTM7R,IL_EAQUVLIMTM7R,JUST IN...My Newest OBSESSIONS,https://www.amazon.com/shop/thehillarystyle/list/EAQUVLIMTM7R,225,89,yes,incomplete,136,browser
286Q78OJSYZO8,IL_286Q78OJSYZO8,KITCHEN Essentials,https://www.amazon.com/shop/thehillarystyle/list/286Q78OJSYZO8,390,73,yes,incomplete,317,browser
2B46UO4I7XY3G,IL_2B46UO4I7XY3G,KITCHEN Organizing,https://www.amazon.com/shop/thehillarystyle/list/2B46UO4I7XY3G,79,73,yes,incomplete,6,browser
28Z72BVY6B71P,IL_28Z72BVY6B71P,LAMPS,https://www.amazon.com/shop/thehillarystyle/list/28Z72BVY6B71P,123,89,yes,incomplete,34,browser
1OH1TVBZ3L337,IL_1OH1TVBZ3L337,LAST MINUTE GIFTS,https://www.amazon.com/shop/thehillarystyle/list/1OH1TVBZ3L337,192,87,yes,incomplete,105,browser
27L1ENCS6OMON,IL_27L1ENCS6OMON,LAUNDRY Room Essentials,https://www.amazon.com/shop/thehillarystyle/list/27L1ENCS6OMON,60,70,no,complete,0,browser
K3IDK9BPXYFW,IL_K3IDK9BPXYFW,LIGHTING - Designer Inspired,https://www.amazon.com/shop/thehillarystyle/list/K3IDK9BPXYFW,227,87,yes,incomplete,140,browser
B4MF8PKIS82A,IL_B4MF8PKIS82A,LUXE Gifting,https://www.amazon.com/shop/thehillarystyle/list/B4MF8PKIS82A,205,86,yes,incomplete,119,browser
21MLRQOMMKCFI,IL_21MLRQOMMKCFI,LUXE Holiday Home,https://www.amazon.com/shop/thehillarystyle/list/21MLRQOMMKCFI,58,58,yes,complete,0,browser
27BIT6UUHQ198,IL_27BIT6UUHQ198,LUXE JEWELRY & ACCESSORIES,https://www.amazon.com/shop/thehillarystyle/list/27BIT6UUHQ198,132,73,yes,incomplete,59,browser
3KKGHGSJ1ZRYC,IL_3KKGHGSJ1ZRYC,LUXURY GIFTS,https://www.amazon.com/shop/thehillarystyle/list/3KKGHGSJ1ZRYC,108,70,yes,incomplete,38,browser
13DUABZBTBJVY,IL_13DUABZBTBJVY,MARCH Best Sellers,https://www.amazon.com/shop/thehillarystyle/list/13DUABZBTBJVY,379,72,yes,incomplete,307,browser
3CETAKAWP1P7C,IL_3CETAKAWP1P7C,MAXI DRESS EDIT,https://www.amazon.com/shop/thehillarystyle/list/3CETAKAWP1P7C,62,72,yes,complete,0,browser
17ITIHGPTINHX,IL_17ITIHGPTINHX,MEMORIAL DAY SALE FOLLOWER FAVORITES,https://www.amazon.com/shop/thehillarystyle/list/17ITIHGPTINHX,43,52,no,complete,0,browser
DB6CKD297DDB,IL_DB6CKD297DDB,Moody Luxe Home,https://www.amazon.com/shop/thehillarystyle/list/DB6CKD297DDB,17,27,no,complete,0,browser
32M44I5BF0O0R,IL_32M44I5BF0O0R,MORE NEW FINDS,https://www.amazon.com/shop/thehillarystyle/list/32M44I5BF0O0R,148,90,yes,incomplete,58,browser
23YO2PO28IXV,IL_23YO2PO28IXV,MUST-HAVE HOSTING,https://www.amazon.com/shop/thehillarystyle/list/23YO2PO28IXV,14,24,no,complete,0,browser
IE0BGUCCDZ8X,IL_IE0BGUCCDZ8X,My Curated Gift Guide,https://www.amazon.com/shop/thehillarystyle/list/IE0BGUCCDZ8X,43,53,no,complete,0,browser
18JLLR8E7X2KU,IL_18JLLR8E7X2KU,MY HOLIDAY Home,https://www.amazon.com/shop/thehillarystyle/list/18JLLR8E7X2KU,44,54,no,complete,0,browser
12LJ38VR8BIZT,IL_12LJ38VR8BIZT,MY Holiday Styling List,https://www.amazon.com/shop/thehillarystyle/list/12LJ38VR8BIZT,22,32,no,complete,0,browser
KIGFVJQ0V3OW,IL_KIGFVJQ0V3OW,My TOP Amazon Cleaning and Organizing,https://www.amazon.com/shop/thehillarystyle/list/KIGFVJQ0V3OW,8,17,no,complete,0,browser
OB8CSFU2LS6V,IL_OB8CSFU2LS6V,MY TOP PRODUCTS FOR JULY,https://www.amazon.com/shop/thehillarystyle/list/OB8CSFU2LS6V,51,54,yes,complete,0,browser
2DHFOQ3A1Q5U2,IL_2DHFOQ3A1Q5U2,NEW Arrivals,https://www.amazon.com/shop/thehillarystyle/list/2DHFOQ3A1Q5U2,256,90,yes,incomplete,166,browser
13866CB1KN3RI,IL_13866CB1KN3RI,NEW HOLIDAY Finds,https://www.amazon.com/shop/thehillarystyle/list/13866CB1KN3RI,27,37,no,complete,0,browser
1QMBJFJU34FUR,IL_1QMBJFJU34FUR,NEW HOME FINDS,https://www.amazon.com/shop/thehillarystyle/list/1QMBJFJU34FUR,400,74,yes,incomplete,326,browser
3H3WH72KSZXK3,IL_3H3WH72KSZXK3,New Year's Must-Haves,https://www.amazon.com/shop/thehillarystyle/list/3H3WH72KSZXK3,24,34,no,complete,0,browser
2969EJ7F6BLI8,IL_2969EJ7F6BLI8,NIGHTSTAND Essentials,https://www.amazon.com/shop/thehillarystyle/list/2969EJ7F6BLI8,17,27,no,complete,0,browser
2P1RVZSE8RCAZ,IL_2P1RVZSE8RCAZ,NO DRILL Home Improvement,https://www.amazon.com/shop/thehillarystyle/list/2P1RVZSE8RCAZ,22,32,no,complete,0,browser
27VCDHN1568QK,IL_27VCDHN1568QK,ORGANIZING Essentials,https://www.amazon.com/shop/thehillarystyle/list/27VCDHN1568QK,117,72,yes,incomplete,45,browser
1RA73GK94YR1G,IL_1RA73GK94YR1G,Our REMODEL HOME,https://www.amazon.com/shop/thehillarystyle/list/1RA73GK94YR1G,99,90,yes,incomplete,9,browser
21IKKXKZPGWVW,IL_21IKKXKZPGWVW,OUR Rental,https://www.amazon.com/shop/thehillarystyle/list/21IKKXKZPGWVW,7,17,no,complete,0,browser
T9AHRYR4TO4W,IL_T9AHRYR4TO4W,Our SITTING ROOM,https://www.amazon.com/shop/thehillarystyle/list/T9AHRYR4TO4W,13,23,no,complete,0,browser
VI6A3WXDHHDU,IL_VI6A3WXDHHDU,OUTDOOR Oasis,https://www.amazon.com/shop/thehillarystyle/list/VI6A3WXDHHDU,142,74,yes,incomplete,68,browser
270Y6RLSPP10V,IL_270Y6RLSPP10V,Outdoor PLANTERS,https://www.amazon.com/shop/thehillarystyle/list/270Y6RLSPP10V,45,55,no,complete,0,browser
1GS6BISWIK7UN,IL_1GS6BISWIK7UN,OVER 40 & Fabulous HILLARY'S Capsule WARDROBE - Effortless & Chic,https://www.amazon.com/shop/thehillarystyle/list/1GS6BISWIK7UN,143,90,yes,incomplete,53,browser
1MKYF1CAY9E8G,IL_1MKYF1CAY9E8G,PANTRY Organization,https://www.amazon.com/shop/thehillarystyle/list/1MKYF1CAY9E8G,19,29,no,complete,0,browser
3QM5O5E9ELURW,IL_3QM5O5E9ELURW,PILATES PRINCESS,https://www.amazon.com/shop/thehillarystyle/list/3QM5O5E9ELURW,121,72,yes,incomplete,49,browser
J4MBZKLMALLQ,IL_J4MBZKLMALLQ,PILLOWS & THROWS,https://www.amazon.com/shop/thehillarystyle/list/J4MBZKLMALLQ,104,74,yes,incomplete,30,browser
311VGYMV97O78,IL_311VGYMV97O78,POWDER BATH,https://www.amazon.com/shop/thehillarystyle/list/311VGYMV97O78,8,18,no,complete,0,browser
16F1ZOLGB573M,IL_16F1ZOLGB573M,PRESCHOOL LITTLES,https://www.amazon.com/shop/thehillarystyle/list/16F1ZOLGB573M,51,58,yes,complete,0,browser
310DHOAQUC0DH,IL_310DHOAQUC0DH,QUIET LUXURY/OLD MONEY,https://www.amazon.com/shop/thehillarystyle/list/310DHOAQUC0DH,74,74,yes,complete,0,browser
15NDDXZ7X0955,IL_15NDDXZ7X0955,RESORT WEAR FASHION,https://www.amazon.com/shop/thehillarystyle/list/15NDDXZ7X0955,167,90,yes,incomplete,77,browser
2I5A3XFI29113,IL_2I5A3XFI29113,RESTORATION VIBES,https://www.amazon.com/shop/thehillarystyle/list/2I5A3XFI29113,76,86,no,complete,0,browser
32TSU85USSAQZ,IL_32TSU85USSAQZ,RH STYLE - Looks like a SPLURGE,https://www.amazon.com/shop/thehillarystyle/list/32TSU85USSAQZ,244,88,yes,incomplete,156,browser
2N8O18PX5PHA3,IL_2N8O18PX5PHA3,RUGS,https://www.amazon.com/shop/thehillarystyle/list/2N8O18PX5PHA3,147,90,yes,incomplete,57,browser
3U9GRAHOG87DY,IL_3U9GRAHOG87DY,SHATTERPROOF Beverage Glasses,https://www.amazon.com/shop/thehillarystyle/list/3U9GRAHOG87DY,7,17,no,complete,0,browser
21CU9PVXLTL6P,IL_21CU9PVXLTL6P,SHOP The Hillary Style,https://www.amazon.com/shop/thehillarystyle/list/21CU9PVXLTL6P,153,90,yes,incomplete,63,browser
EEJXEINH2736,IL_EEJXEINH2736,SHOPBOP Favorites,https://www.amazon.com/shop/thehillarystyle/list/EEJXEINH2736,10,20,no,complete,0,browser
395N3QLHWD5V7,IL_395N3QLHWD5V7,SKIMS LIKE BASICS,https://www.amazon.com/shop/thehillarystyle/list/395N3QLHWD5V7,75,84,no,complete,0,browser
34VIWGR89GOO8,IL_34VIWGR89GOO8,SOFAS. ACCENT CHAIRS. OTTOMANS.,https://www.amazon.com/shop/thehillarystyle/list/34VIWGR89GOO8,393,85,yes,incomplete,308,browser
33RG7LWDINUWO,IL_33RG7LWDINUWO,SPORT MOM Style,https://www.amazon.com/shop/thehillarystyle/list/33RG7LWDINUWO,159,74,yes,incomplete,85,browser
222ENLE1WDY2M,IL_222ENLE1WDY2M,Spring Obsessed,https://www.amazon.com/shop/thehillarystyle/list/222ENLE1WDY2M,105,73,yes,incomplete,32,browser
20274194WU668,IL_20274194WU668,STOCKING STUFFERS,https://www.amazon.com/shop/thehillarystyle/list/20274194WU668,83,73,yes,incomplete,10,browser
BWHQ5TU85DA7,IL_BWHQ5TU85DA7,Subtle Luxury Home,https://www.amazon.com/shop/thehillarystyle/list/BWHQ5TU85DA7,90,74,yes,incomplete,16,browser
C4VDLQZK7ACP,IL_C4VDLQZK7ACP,SUMMER HOSTING,https://www.amazon.com/shop/thehillarystyle/list/C4VDLQZK7ACP,34,42,yes,complete,0,browser
2RA331651DDK8,IL_2RA331651DDK8,TABLETOP MUST-HAVES,https://www.amazon.com/shop/thehillarystyle/list/2RA331651DDK8,66,73,yes,complete,0,browser
1LVS8EBYWIS2J,IL_1LVS8EBYWIS2J,TECH ESSENTIALS,https://www.amazon.com/shop/thehillarystyle/list/1LVS8EBYWIS2J,83,86,yes,complete,0,browser
370XLUWUIJAX1,IL_370XLUWUIJAX1,TEEN GIRLIES,https://www.amazon.com/shop/thehillarystyle/list/370XLUWUIJAX1,67,74,yes,complete,0,browser
O65RH2OR0EF3,IL_O65RH2OR0EF3,TEEN GUYS,https://www.amazon.com/shop/thehillarystyle/list/O65RH2OR0EF3,50,58,yes,complete,0,browser
1HHMN64HEUPU9,IL_1HHMN64HEUPU9,THE DRESS SHOPPE - From BRUNCH to BLACK TIE,https://www.amazon.com/shop/thehillarystyle/list/1HHMN64HEUPU9,82,89,yes,complete,0,browser
IOIVGOQN9X1X,IL_IOIVGOQN9X1X,The FALL EDIT,https://www.amazon.com/shop/thehillarystyle/list/IOIVGOQN9X1X,127,106,yes,incomplete,21,browser
2V2HL7TFY8QE8,IL_2V2HL7TFY8QE8,The Hillary Style Holiday,https://www.amazon.com/shop/thehillarystyle/list/2V2HL7TFY8QE8,115,90,yes,incomplete,25,browser
CTNECHN1HUCU,IL_CTNECHN1HUCU,THE Little Black Dress,https://www.amazon.com/shop/thehillarystyle/list/CTNECHN1HUCU,39,42,yes,complete,0,browser
3BMD6XLV7JIPG,IL_3BMD6XLV7JIPG,THE Littles - GIFT GUIDE,https://www.amazon.com/shop/thehillarystyle/list/3BMD6XLV7JIPG,137,71,yes,incomplete,66,browser
1SLNDA7361JAR,IL_1SLNDA7361JAR,The STYLE EDIT - HOTTEST finds RIGHT NOW!,https://www.amazon.com/shop/thehillarystyle/list/1SLNDA7361JAR,202,89,yes,incomplete,113,browser
2DVQFMB8O8SDC,IL_2DVQFMB8O8SDC,TOP 100 HOME PICKS,https://www.amazon.com/shop/thehillarystyle/list/2DVQFMB8O8SDC,125,74,yes,incomplete,51,browser
2LWBTUXIDQYKM,IL_2LWBTUXIDQYKM,TOP 100 PRIME FASHION DEALS,https://www.amazon.com/shop/thehillarystyle/list/2LWBTUXIDQYKM,41,42,yes,complete,0,browser
330I4A3SQ3ERE,IL_330I4A3SQ3ERE,TOP 100+ PRIME DEALS,https://www.amazon.com/shop/thehillarystyle/list/330I4A3SQ3ERE,137,89,yes,incomplete,48,browser
17SP6THMUJN6E,IL_17SP6THMUJN6E,TOP 50 BEAUTY,https://www.amazon.com/shop/thehillarystyle/list/17SP6THMUJN6E,79,71,yes,incomplete,8,browser
3VW7VU2STCZ6B,IL_3VW7VU2STCZ6B,TOP MOVING/ORGANIZING,https://www.amazon.com/shop/thehillarystyle/list/3VW7VU2STCZ6B,23,25,yes,complete,0,browser
2Z5U0A9S9OXF9,IL_2Z5U0A9S9OXF9,TOP NOVEMBER DEALS,https://www.amazon.com/shop/thehillarystyle/list/2Z5U0A9S9OXF9,114,74,yes,incomplete,40,browser
1E7EHNK9QTVEH,IL_1E7EHNK9QTVEH,TOP OCTOBER DEALS,https://www.amazon.com/shop/thehillarystyle/list/1E7EHNK9QTVEH,200,74,yes,incomplete,126,browser
JI222AIPC2S,IL_JI222AIPC2S,TOP SEPTEMBER DEALS,https://www.amazon.com/shop/thehillarystyle/list/JI222AIPC2S,264,90,yes,incomplete,174,browser
5MN6DE6JTTK2,IL_5MN6DE6JTTK2,TRANSITIONAL Fall Fashion,https://www.amazon.com/shop/thehillarystyle/list/5MN6DE6JTTK2,79,89,no,complete,0,browser
24ASC2W86JF33,IL_24ASC2W86JF33,TRAVEL,https://www.amazon.com/shop/thehillarystyle/list/24ASC2W86JF33,154,74,yes,incomplete,80,browser
1I8FQ5LPJG30D,IL_1I8FQ5LPJG30D,TWEEN & TEEN - GIFT GUIDE,https://www.amazon.com/shop/thehillarystyle/list/1I8FQ5LPJG30D,160,74,yes,incomplete,86,browser
39AL8K1TZE306,IL_39AL8K1TZE306,TWEEN BACK TO SCHOOL,https://www.amazon.com/shop/thehillarystyle/list/39AL8K1TZE306,77,74,yes,incomplete,3,browser
1NR6N43OIR93A,IL_1NR6N43OIR93A,UNBOXING,https://www.amazon.com/shop/thehillarystyle/list/1NR6N43OIR93A,32,42,no,complete,0,browser
39FHE4P3M78YV,IL_39FHE4P3M78YV,UNDER $50 FALL Capsule,https://www.amazon.com/shop/thehillarystyle/list/39FHE4P3M78YV,107,73,yes,incomplete,34,browser
K1RZXTONZLT1,IL_K1RZXTONZLT1,VANITY Must-Haves,https://www.amazon.com/shop/thehillarystyle/list/K1RZXTONZLT1,24,33,yes,complete,0,browser
WMCP8YLCXSCD,IL_WMCP8YLCXSCD,Vanity Organization,https://www.amazon.com/shop/thehillarystyle/list/WMCP8YLCXSCD,55,57,yes,complete,0,browser
2YQAXQUJ2H8KY,IL_2YQAXQUJ2H8KY,VASES. TRAYS. BOXES.,https://www.amazon.com/shop/thehillarystyle/list/2YQAXQUJ2H8KY,84,89,yes,complete,0,browser
3QCVRRMTI2TTQ,IL_3QCVRRMTI2TTQ,VIRAL Holiday Finds,https://www.amazon.com/shop/thehillarystyle/list/3QCVRRMTI2TTQ,113,106,yes,incomplete,7,browser
14615HLXD512Y,IL_14615HLXD512Y,VIRAL Home Gadgets,https://www.amazon.com/shop/thehillarystyle/list/14615HLXD512Y,39,40,yes,complete,0,browser
1HZQPC6SSAHFG,IL_1HZQPC6SSAHFG,WALL DECOR - MIRRORS. ART. FRAMES.,https://www.amazon.com/shop/thehillarystyle/list/1HZQPC6SSAHFG,244,71,yes,incomplete,173,browser
PN4A9X7BMPFX,IL_PN4A9X7BMPFX,WINTER FASHION,https://www.amazon.com/shop/thehillarystyle/list/PN4A9X7BMPFX,219,89,yes,incomplete,130,browser
3J2NRGA0NCDGR,IL_3J2NRGA0NCDGR,WORK WEAR,https://www.amazon.com/shop/thehillarystyle/list/3J2NRGA0NCDGR,121,104,yes,incomplete,17,browser
3BNM8CSCBJ7VF,IL_3BNM8CSCBJ7VF,Your Currently MOST-LOVED,https://www.amazon.com/shop/thehillarystyle/list/3BNM8CSCBJ7VF,43,52,no,complete,0,browser
