meta_product_set_name,stable_meta_label,rule_1,rule_2,rule_3,rule_4,rule_5
$50 WINTER FASHION,IL_43J6PJOVYKC9,custom_label_0 equals IL_43J6PJOVYKC9,OR custom_label_1 equals IL_43J6PJOVYKC9,OR custom_label_2 equals IL_43J6PJOVYKC9,OR custom_label_3 equals IL_43J6PJOVYKC9,OR custom_label_4 equals IL_43J6PJOVYKC9
2025 TOP SELLERS,IL_3RT5O1LPLW4HX,custom_label_0 equals IL_3RT5O1LPLW4HX,OR custom_label_1 equals IL_3RT5O1LPLW4HX,OR custom_label_2 equals IL_3RT5O1LPLW4HX,OR custom_label_3 equals IL_3RT5O1LPLW4HX,OR custom_label_4 equals IL_3RT5O1LPLW4HX
48 Yr Old Mom of 5 - What I am OBSESSED over!,IL_1NSB6B4CK6NM1,custom_label_0 equals IL_1NSB6B4CK6NM1,OR custom_label_1 equals IL_1NSB6B4CK6NM1,OR custom_label_2 equals IL_1NSB6B4CK6NM1,OR custom_label_3 equals IL_1NSB6B4CK6NM1,OR custom_label_4 equals IL_1NSB6B4CK6NM1
AFFORDABLE DECOR,IL_2EHNEZELPW5NA,custom_label_0 equals IL_2EHNEZELPW5NA,OR custom_label_1 equals IL_2EHNEZELPW5NA,OR custom_label_2 equals IL_2EHNEZELPW5NA,OR custom_label_3 equals IL_2EHNEZELPW5NA,OR custom_label_4 equals IL_2EHNEZELPW5NA
AMAZING NEW Home Finds,IL_202RY6J21JOG9,custom_label_0 equals IL_202RY6J21JOG9,OR custom_label_1 equals IL_202RY6J21JOG9,OR custom_label_2 equals IL_202RY6J21JOG9,OR custom_label_3 equals IL_202RY6J21JOG9,OR custom_label_4 equals IL_202RY6J21JOG9
Amazon Furniture in Our Home,IL_1UGCFJJRVROLC,custom_label_0 equals IL_1UGCFJJRVROLC,OR custom_label_1 equals IL_1UGCFJJRVROLC,OR custom_label_2 equals IL_1UGCFJJRVROLC,OR custom_label_3 equals IL_1UGCFJJRVROLC,OR custom_label_4 equals IL_1UGCFJJRVROLC
April Amazon Live,IL_K5H00QYC3R1G,custom_label_0 equals IL_K5H00QYC3R1G,OR custom_label_1 equals IL_K5H00QYC3R1G,OR custom_label_2 equals IL_K5H00QYC3R1G,OR custom_label_3 equals IL_K5H00QYC3R1G,OR custom_label_4 equals IL_K5H00QYC3R1G
APRIL Best Sellers,IL_181FEP0C2U0RU,custom_label_0 equals IL_181FEP0C2U0RU,OR custom_label_1 equals IL_181FEP0C2U0RU,OR custom_label_2 equals IL_181FEP0C2U0RU,OR custom_label_3 equals IL_181FEP0C2U0RU,OR custom_label_4 equals IL_181FEP0C2U0RU
ATHEISURE,IL_31LARMS9JHPGT,custom_label_0 equals IL_31LARMS9JHPGT,OR custom_label_1 equals IL_31LARMS9JHPGT,OR custom_label_2 equals IL_31LARMS9JHPGT,OR custom_label_3 equals IL_31LARMS9JHPGT,OR custom_label_4 equals IL_31LARMS9JHPGT
ATHLETIC DRESSES,IL_3GE7XODL0Z5A3,custom_label_0 equals IL_3GE7XODL0Z5A3,OR custom_label_1 equals IL_3GE7XODL0Z5A3,OR custom_label_2 equals IL_3GE7XODL0Z5A3,OR custom_label_3 equals IL_3GE7XODL0Z5A3,OR custom_label_4 equals IL_3GE7XODL0Z5A3
AUGUST TOP PICKS,IL_DSS93TBPVRP5,custom_label_0 equals IL_DSS93TBPVRP5,OR custom_label_1 equals IL_DSS93TBPVRP5,OR custom_label_2 equals IL_DSS93TBPVRP5,OR custom_label_3 equals IL_DSS93TBPVRP5,OR custom_label_4 equals IL_DSS93TBPVRP5
AUTUMN Vibes,IL_2NDA05KNMQH4,custom_label_0 equals IL_2NDA05KNMQH4,OR custom_label_1 equals IL_2NDA05KNMQH4,OR custom_label_2 equals IL_2NDA05KNMQH4,OR custom_label_3 equals IL_2NDA05KNMQH4,OR custom_label_4 equals IL_2NDA05KNMQH4
BARCART,IL_1YYODGJOLLLRT,custom_label_0 equals IL_1YYODGJOLLLRT,OR custom_label_1 equals IL_1YYODGJOLLLRT,OR custom_label_2 equals IL_1YYODGJOLLLRT,OR custom_label_3 equals IL_1YYODGJOLLLRT,OR custom_label_4 equals IL_1YYODGJOLLLRT
BATHROOM Essentials,IL_L3V3XJ5WT8SV,custom_label_0 equals IL_L3V3XJ5WT8SV,OR custom_label_1 equals IL_L3V3XJ5WT8SV,OR custom_label_2 equals IL_L3V3XJ5WT8SV,OR custom_label_3 equals IL_L3V3XJ5WT8SV,OR custom_label_4 equals IL_L3V3XJ5WT8SV
BATHROOM Organization,IL_Q8UFO5D52NKD,custom_label_0 equals IL_Q8UFO5D52NKD,OR custom_label_1 equals IL_Q8UFO5D52NKD,OR custom_label_2 equals IL_Q8UFO5D52NKD,OR custom_label_3 equals IL_Q8UFO5D52NKD,OR custom_label_4 equals IL_Q8UFO5D52NKD
BATHROOM REMODEL,IL_QWA0HLMH0ZPN,custom_label_0 equals IL_QWA0HLMH0ZPN,OR custom_label_1 equals IL_QWA0HLMH0ZPN,OR custom_label_2 equals IL_QWA0HLMH0ZPN,OR custom_label_3 equals IL_QWA0HLMH0ZPN,OR custom_label_4 equals IL_QWA0HLMH0ZPN
BEAUTY & SKINCARE,IL_WPS59NJ19M48,custom_label_0 equals IL_WPS59NJ19M48,OR custom_label_1 equals IL_WPS59NJ19M48,OR custom_label_2 equals IL_WPS59NJ19M48,OR custom_label_3 equals IL_WPS59NJ19M48,OR custom_label_4 equals IL_WPS59NJ19M48
BEAUTY MUST-HAVES,IL_174AROJG7VER7,custom_label_0 equals IL_174AROJG7VER7,OR custom_label_1 equals IL_174AROJG7VER7,OR custom_label_2 equals IL_174AROJG7VER7,OR custom_label_3 equals IL_174AROJG7VER7,OR custom_label_4 equals IL_174AROJG7VER7
BED & BATH FINDS,IL_1QMQ9WWH79VRL,custom_label_0 equals IL_1QMQ9WWH79VRL,OR custom_label_1 equals IL_1QMQ9WWH79VRL,OR custom_label_2 equals IL_1QMQ9WWH79VRL,OR custom_label_3 equals IL_1QMQ9WWH79VRL,OR custom_label_4 equals IL_1QMQ9WWH79VRL
BEDDING. PILLOWS. THROWS. TOWELS.,IL_1LFWTJH9UBPKU,custom_label_0 equals IL_1LFWTJH9UBPKU,OR custom_label_1 equals IL_1LFWTJH9UBPKU,OR custom_label_2 equals IL_1LFWTJH9UBPKU,OR custom_label_3 equals IL_1LFWTJH9UBPKU,OR custom_label_4 equals IL_1LFWTJH9UBPKU
BEDDING: LUXURY finds in Our Home,IL_3MJSZFZU5658,custom_label_0 equals IL_3MJSZFZU5658,OR custom_label_1 equals IL_3MJSZFZU5658,OR custom_label_2 equals IL_3MJSZFZU5658,OR custom_label_3 equals IL_3MJSZFZU5658,OR custom_label_4 equals IL_3MJSZFZU5658
BEDROOM STYLE,IL_2HG2TBY26H9IW,custom_label_0 equals IL_2HG2TBY26H9IW,OR custom_label_1 equals IL_2HG2TBY26H9IW,OR custom_label_2 equals IL_2HG2TBY26H9IW,OR custom_label_3 equals IL_2HG2TBY26H9IW,OR custom_label_4 equals IL_2HG2TBY26H9IW
BEDS. DRESSERS. NIGHTSTANDS.,IL_18H5BP5V6EGYM,custom_label_0 equals IL_18H5BP5V6EGYM,OR custom_label_1 equals IL_18H5BP5V6EGYM,OR custom_label_2 equals IL_18H5BP5V6EGYM,OR custom_label_3 equals IL_18H5BP5V6EGYM,OR custom_label_4 equals IL_18H5BP5V6EGYM
BEST SELLERS,IL_3DS692CRM1BGS,custom_label_0 equals IL_3DS692CRM1BGS,OR custom_label_1 equals IL_3DS692CRM1BGS,OR custom_label_2 equals IL_3DS692CRM1BGS,OR custom_label_3 equals IL_3DS692CRM1BGS,OR custom_label_4 equals IL_3DS692CRM1BGS
BOY'S Bathroom,IL_3CQZYKSH60HA3,custom_label_0 equals IL_3CQZYKSH60HA3,OR custom_label_1 equals IL_3CQZYKSH60HA3,OR custom_label_2 equals IL_3CQZYKSH60HA3,OR custom_label_3 equals IL_3CQZYKSH60HA3,OR custom_label_4 equals IL_3CQZYKSH60HA3
BRIDE- Spoil Her for the Big Day!,IL_3R1F2KZC9BJXJ,custom_label_0 equals IL_3R1F2KZC9BJXJ,OR custom_label_1 equals IL_3R1F2KZC9BJXJ,OR custom_label_2 equals IL_3R1F2KZC9BJXJ,OR custom_label_3 equals IL_3R1F2KZC9BJXJ,OR custom_label_4 equals IL_3R1F2KZC9BJXJ
BURGUNDY CRUSH,IL_32JT2D5T30E4J,custom_label_0 equals IL_32JT2D5T30E4J,OR custom_label_1 equals IL_32JT2D5T30E4J,OR custom_label_2 equals IL_32JT2D5T30E4J,OR custom_label_3 equals IL_32JT2D5T30E4J,OR custom_label_4 equals IL_32JT2D5T30E4J
CABINETS. SIDEBOARDS. BUFFETS. CONSOLES.,IL_2Q8H0EUR30UN9,custom_label_0 equals IL_2Q8H0EUR30UN9,OR custom_label_1 equals IL_2Q8H0EUR30UN9,OR custom_label_2 equals IL_2Q8H0EUR30UN9,OR custom_label_3 equals IL_2Q8H0EUR30UN9,OR custom_label_4 equals IL_2Q8H0EUR30UN9
CANDLE HOLDERS. CANDLE STICKS.,IL_ITC144HBA2XS,custom_label_0 equals IL_ITC144HBA2XS,OR custom_label_1 equals IL_ITC144HBA2XS,OR custom_label_2 equals IL_ITC144HBA2XS,OR custom_label_3 equals IL_ITC144HBA2XS,OR custom_label_4 equals IL_ITC144HBA2XS
CAR ORGANIZATION,IL_3TE1WGJI4HUK8,custom_label_0 equals IL_3TE1WGJI4HUK8,OR custom_label_1 equals IL_3TE1WGJI4HUK8,OR custom_label_2 equals IL_3TE1WGJI4HUK8,OR custom_label_3 equals IL_3TE1WGJI4HUK8,OR custom_label_4 equals IL_3TE1WGJI4HUK8
CARTS DON'T LIE — These were May's biggest hits.,IL_1BKDYBCCXK5YE,custom_label_0 equals IL_1BKDYBCCXK5YE,OR custom_label_1 equals IL_1BKDYBCCXK5YE,OR custom_label_2 equals IL_1BKDYBCCXK5YE,OR custom_label_3 equals IL_1BKDYBCCXK5YE,OR custom_label_4 equals IL_1BKDYBCCXK5YE
CHIC 2-PIECE SETS,IL_QR27F03IP4AQ,custom_label_0 equals IL_QR27F03IP4AQ,OR custom_label_1 equals IL_QR27F03IP4AQ,OR custom_label_2 equals IL_QR27F03IP4AQ,OR custom_label_3 equals IL_QR27F03IP4AQ,OR custom_label_4 equals IL_QR27F03IP4AQ
CHIC WITHOUT THE SPLURGE TRAVEL,IL_2GR0M7LHWL1O,custom_label_0 equals IL_2GR0M7LHWL1O,OR custom_label_1 equals IL_2GR0M7LHWL1O,OR custom_label_2 equals IL_2GR0M7LHWL1O,OR custom_label_3 equals IL_2GR0M7LHWL1O,OR custom_label_4 equals IL_2GR0M7LHWL1O
CLOSET Organizing,IL_1R4YIGU257W50,custom_label_0 equals IL_1R4YIGU257W50,OR custom_label_1 equals IL_1R4YIGU257W50,OR custom_label_2 equals IL_1R4YIGU257W50,OR custom_label_3 equals IL_1R4YIGU257W50,OR custom_label_4 equals IL_1R4YIGU257W50
COFFEE BAR Essentials,IL_FJAM99COX1K9,custom_label_0 equals IL_FJAM99COX1K9,OR custom_label_1 equals IL_FJAM99COX1K9,OR custom_label_2 equals IL_FJAM99COX1K9,OR custom_label_3 equals IL_FJAM99COX1K9,OR custom_label_4 equals IL_FJAM99COX1K9
COFFEE TABLE BOOKS,IL_1NFO0QLH5HS6Y,custom_label_0 equals IL_1NFO0QLH5HS6Y,OR custom_label_1 equals IL_1NFO0QLH5HS6Y,OR custom_label_2 equals IL_1NFO0QLH5HS6Y,OR custom_label_3 equals IL_1NFO0QLH5HS6Y,OR custom_label_4 equals IL_1NFO0QLH5HS6Y
COFFEE TABLES. SIDE TABLES. ACCENT TABLES,IL_2RDBP13815B8R,custom_label_0 equals IL_2RDBP13815B8R,OR custom_label_1 equals IL_2RDBP13815B8R,OR custom_label_2 equals IL_2RDBP13815B8R,OR custom_label_3 equals IL_2RDBP13815B8R,OR custom_label_4 equals IL_2RDBP13815B8R
CREATOR Favorites,IL_J39K6QG9TPDR,custom_label_0 equals IL_J39K6QG9TPDR,OR custom_label_1 equals IL_J39K6QG9TPDR,OR custom_label_2 equals IL_J39K6QG9TPDR,OR custom_label_3 equals IL_J39K6QG9TPDR,OR custom_label_4 equals IL_J39K6QG9TPDR
CURTAINS,IL_O5BIFXCH5S3Y,custom_label_0 equals IL_O5BIFXCH5S3Y,OR custom_label_1 equals IL_O5BIFXCH5S3Y,OR custom_label_2 equals IL_O5BIFXCH5S3Y,OR custom_label_3 equals IL_O5BIFXCH5S3Y,OR custom_label_4 equals IL_O5BIFXCH5S3Y
CYBER HOLIDAY,IL_32NJAOW4JT5JB,custom_label_0 equals IL_32NJAOW4JT5JB,OR custom_label_1 equals IL_32NJAOW4JT5JB,OR custom_label_2 equals IL_32NJAOW4JT5JB,OR custom_label_3 equals IL_32NJAOW4JT5JB,OR custom_label_4 equals IL_32NJAOW4JT5JB
DATE NIGHT FASHION,IL_20Q0HRFOLM3K2,custom_label_0 equals IL_20Q0HRFOLM3K2,OR custom_label_1 equals IL_20Q0HRFOLM3K2,OR custom_label_2 equals IL_20Q0HRFOLM3K2,OR custom_label_3 equals IL_20Q0HRFOLM3K2,OR custom_label_4 equals IL_20Q0HRFOLM3K2
DECEMBER Best Sellers,IL_2PQNIB7PVLPT1,custom_label_0 equals IL_2PQNIB7PVLPT1,OR custom_label_1 equals IL_2PQNIB7PVLPT1,OR custom_label_2 equals IL_2PQNIB7PVLPT1,OR custom_label_3 equals IL_2PQNIB7PVLPT1,OR custom_label_4 equals IL_2PQNIB7PVLPT1
DESIGNER INSPIRED,IL_3JCDIMAGNYZ0E,custom_label_0 equals IL_3JCDIMAGNYZ0E,OR custom_label_1 equals IL_3JCDIMAGNYZ0E,OR custom_label_2 equals IL_3JCDIMAGNYZ0E,OR custom_label_3 equals IL_3JCDIMAGNYZ0E,OR custom_label_4 equals IL_3JCDIMAGNYZ0E
DINING ROOM,IL_3RKTIOM3H9T72,custom_label_0 equals IL_3RKTIOM3H9T72,OR custom_label_1 equals IL_3RKTIOM3H9T72,OR custom_label_2 equals IL_3RKTIOM3H9T72,OR custom_label_3 equals IL_3RKTIOM3H9T72,OR custom_label_4 equals IL_3RKTIOM3H9T72
DORM ROOM ESSENTIALS,IL_1DUCBV6BSXOJF,custom_label_0 equals IL_1DUCBV6BSXOJF,OR custom_label_1 equals IL_1DUCBV6BSXOJF,OR custom_label_2 equals IL_1DUCBV6BSXOJF,OR custom_label_3 equals IL_1DUCBV6BSXOJF,OR custom_label_4 equals IL_1DUCBV6BSXOJF
EARLY Fall,IL_ED3VXSBXPFO5,custom_label_0 equals IL_ED3VXSBXPFO5,OR custom_label_1 equals IL_ED3VXSBXPFO5,OR custom_label_2 equals IL_ED3VXSBXPFO5,OR custom_label_3 equals IL_ED3VXSBXPFO5,OR custom_label_4 equals IL_ED3VXSBXPFO5
EARNED A SPOT FOR LIFE!,IL_76ENHDCP4NP1,custom_label_0 equals IL_76ENHDCP4NP1,OR custom_label_1 equals IL_76ENHDCP4NP1,OR custom_label_2 equals IL_76ENHDCP4NP1,OR custom_label_3 equals IL_76ENHDCP4NP1,OR custom_label_4 equals IL_76ENHDCP4NP1
Effortless Chic Home,IL_34RHZWFKXT7UT,custom_label_0 equals IL_34RHZWFKXT7UT,OR custom_label_1 equals IL_34RHZWFKXT7UT,OR custom_label_2 equals IL_34RHZWFKXT7UT,OR custom_label_3 equals IL_34RHZWFKXT7UT,OR custom_label_4 equals IL_34RHZWFKXT7UT
ELEMENTARY SCHOOL,IL_13LSJDYI0DMAZ,custom_label_0 equals IL_13LSJDYI0DMAZ,OR custom_label_1 equals IL_13LSJDYI0DMAZ,OR custom_label_2 equals IL_13LSJDYI0DMAZ,OR custom_label_3 equals IL_13LSJDYI0DMAZ,OR custom_label_4 equals IL_13LSJDYI0DMAZ
ELEVATED Bathroom Must-Haves,IL_21T7CCUQI2DH5,custom_label_0 equals IL_21T7CCUQI2DH5,OR custom_label_1 equals IL_21T7CCUQI2DH5,OR custom_label_2 equals IL_21T7CCUQI2DH5,OR custom_label_3 equals IL_21T7CCUQI2DH5,OR custom_label_4 equals IL_21T7CCUQI2DH5
ELEVATED HOLIDAY FASHION,IL_WU8FIFLKC1R5,custom_label_0 equals IL_WU8FIFLKC1R5,OR custom_label_1 equals IL_WU8FIFLKC1R5,OR custom_label_2 equals IL_WU8FIFLKC1R5,OR custom_label_3 equals IL_WU8FIFLKC1R5,OR custom_label_4 equals IL_WU8FIFLKC1R5
ELEVATED KITCHEN Must-Haves,IL_V4V7ASEQMWKK,custom_label_0 equals IL_V4V7ASEQMWKK,OR custom_label_1 equals IL_V4V7ASEQMWKK,OR custom_label_2 equals IL_V4V7ASEQMWKK,OR custom_label_3 equals IL_V4V7ASEQMWKK,OR custom_label_4 equals IL_V4V7ASEQMWKK
ELEVATED SWIMWEAR,IL_20ODL7UVO85YK,custom_label_0 equals IL_20ODL7UVO85YK,OR custom_label_1 equals IL_20ODL7UVO85YK,OR custom_label_2 equals IL_20ODL7UVO85YK,OR custom_label_3 equals IL_20ODL7UVO85YK,OR custom_label_4 equals IL_20ODL7UVO85YK
ENTERTAINING Essentials,IL_2GHS9RLET14RQ,custom_label_0 equals IL_2GHS9RLET14RQ,OR custom_label_1 equals IL_2GHS9RLET14RQ,OR custom_label_2 equals IL_2GHS9RLET14RQ,OR custom_label_3 equals IL_2GHS9RLET14RQ,OR custom_label_4 equals IL_2GHS9RLET14RQ
ENTRYWAY. FOYER.,IL_M0U0DTYJP1BI,custom_label_0 equals IL_M0U0DTYJP1BI,OR custom_label_1 equals IL_M0U0DTYJP1BI,OR custom_label_2 equals IL_M0U0DTYJP1BI,OR custom_label_3 equals IL_M0U0DTYJP1BI,OR custom_label_4 equals IL_M0U0DTYJP1BI
EUROPEAN SUMMER,IL_341JHBPWHDBNK,custom_label_0 equals IL_341JHBPWHDBNK,OR custom_label_1 equals IL_341JHBPWHDBNK,OR custom_label_2 equals IL_341JHBPWHDBNK,OR custom_label_3 equals IL_341JHBPWHDBNK,OR custom_label_4 equals IL_341JHBPWHDBNK
FASHION,IL_3LEWC1H0K68XB,custom_label_0 equals IL_3LEWC1H0K68XB,OR custom_label_1 equals IL_3LEWC1H0K68XB,OR custom_label_2 equals IL_3LEWC1H0K68XB,OR custom_label_3 equals IL_3LEWC1H0K68XB,OR custom_label_4 equals IL_3LEWC1H0K68XB
FAUX & DRIED FLORALS,IL_2WRZJHHWAS214,custom_label_0 equals IL_2WRZJHHWAS214,OR custom_label_1 equals IL_2WRZJHHWAS214,OR custom_label_2 equals IL_2WRZJHHWAS214,OR custom_label_3 equals IL_2WRZJHHWAS214,OR custom_label_4 equals IL_2WRZJHHWAS214
FAUX INDOOR/OUTDOOR,IL_VRW78IY69242,custom_label_0 equals IL_VRW78IY69242,OR custom_label_1 equals IL_VRW78IY69242,OR custom_label_2 equals IL_VRW78IY69242,OR custom_label_3 equals IL_VRW78IY69242,OR custom_label_4 equals IL_VRW78IY69242
FEBRUARY Best Sellers,IL_1MB9961G83COM,custom_label_0 equals IL_1MB9961G83COM,OR custom_label_1 equals IL_1MB9961G83COM,OR custom_label_2 equals IL_1MB9961G83COM,OR custom_label_3 equals IL_1MB9961G83COM,OR custom_label_4 equals IL_1MB9961G83COM
FOR HER - HANDBAGS,IL_3ITM4V91K4422,custom_label_0 equals IL_3ITM4V91K4422,OR custom_label_1 equals IL_3ITM4V91K4422,OR custom_label_2 equals IL_3ITM4V91K4422,OR custom_label_3 equals IL_3ITM4V91K4422,OR custom_label_4 equals IL_3ITM4V91K4422
FOR HIM - GIFT GUIDE,IL_26IY6FNENQC7M,custom_label_0 equals IL_26IY6FNENQC7M,OR custom_label_1 equals IL_26IY6FNENQC7M,OR custom_label_2 equals IL_26IY6FNENQC7M,OR custom_label_3 equals IL_26IY6FNENQC7M,OR custom_label_4 equals IL_26IY6FNENQC7M
For the Big Kids,IL_22L0SLOF07ITQ,custom_label_0 equals IL_22L0SLOF07ITQ,OR custom_label_1 equals IL_22L0SLOF07ITQ,OR custom_label_2 equals IL_22L0SLOF07ITQ,OR custom_label_3 equals IL_22L0SLOF07ITQ,OR custom_label_4 equals IL_22L0SLOF07ITQ
For the Hostess - GIFT GUIDE,IL_2C66SA5TXKNJK,custom_label_0 equals IL_2C66SA5TXKNJK,OR custom_label_1 equals IL_2C66SA5TXKNJK,OR custom_label_2 equals IL_2C66SA5TXKNJK,OR custom_label_3 equals IL_2C66SA5TXKNJK,OR custom_label_4 equals IL_2C66SA5TXKNJK
FRIDGE Organization,IL_3HBHLKKIJRXAQ,custom_label_0 equals IL_3HBHLKKIJRXAQ,OR custom_label_1 equals IL_3HBHLKKIJRXAQ,OR custom_label_2 equals IL_3HBHLKKIJRXAQ,OR custom_label_3 equals IL_3HBHLKKIJRXAQ,OR custom_label_4 equals IL_3HBHLKKIJRXAQ
FRONT PORCH,IL_31R6EZ6S1ERJH,custom_label_0 equals IL_31R6EZ6S1ERJH,OR custom_label_1 equals IL_31R6EZ6S1ERJH,OR custom_label_2 equals IL_31R6EZ6S1ERJH,OR custom_label_3 equals IL_31R6EZ6S1ERJH,OR custom_label_4 equals IL_31R6EZ6S1ERJH
FURNITURE In Our Home,IL_2V9Q1BLJC4BNW,custom_label_0 equals IL_2V9Q1BLJC4BNW,OR custom_label_1 equals IL_2V9Q1BLJC4BNW,OR custom_label_2 equals IL_2V9Q1BLJC4BNW,OR custom_label_3 equals IL_2V9Q1BLJC4BNW,OR custom_label_4 equals IL_2V9Q1BLJC4BNW
Furniture Mover REEL,IL_2ABZ85AO7D848,custom_label_0 equals IL_2ABZ85AO7D848,OR custom_label_1 equals IL_2ABZ85AO7D848,OR custom_label_2 equals IL_2ABZ85AO7D848,OR custom_label_3 equals IL_2ABZ85AO7D848,OR custom_label_4 equals IL_2ABZ85AO7D848
GADGETS I CANNOT live WITHOUT,IL_12L5JOTON77WY,custom_label_0 equals IL_12L5JOTON77WY,OR custom_label_1 equals IL_12L5JOTON77WY,OR custom_label_2 equals IL_12L5JOTON77WY,OR custom_label_3 equals IL_12L5JOTON77WY,OR custom_label_4 equals IL_12L5JOTON77WY
GIFTING,IL_YYM41OHGI1KQ,custom_label_0 equals IL_YYM41OHGI1KQ,OR custom_label_1 equals IL_YYM41OHGI1KQ,OR custom_label_2 equals IL_YYM41OHGI1KQ,OR custom_label_3 equals IL_YYM41OHGI1KQ,OR custom_label_4 equals IL_YYM41OHGI1KQ
GIFTS UNDER $25,IL_OJUSIV7RIXZX,custom_label_0 equals IL_OJUSIV7RIXZX,OR custom_label_1 equals IL_OJUSIV7RIXZX,OR custom_label_2 equals IL_OJUSIV7RIXZX,OR custom_label_3 equals IL_OJUSIV7RIXZX,OR custom_label_4 equals IL_OJUSIV7RIXZX
GIFTS UNDER $50,IL_30ZOK8YSQFY5N,custom_label_0 equals IL_30ZOK8YSQFY5N,OR custom_label_1 equals IL_30ZOK8YSQFY5N,OR custom_label_2 equals IL_30ZOK8YSQFY5N,OR custom_label_3 equals IL_30ZOK8YSQFY5N,OR custom_label_4 equals IL_30ZOK8YSQFY5N
HAIR CARE,IL_3VBGW6RI08DIE,custom_label_0 equals IL_3VBGW6RI08DIE,OR custom_label_1 equals IL_3VBGW6RI08DIE,OR custom_label_2 equals IL_3VBGW6RI08DIE,OR custom_label_3 equals IL_3VBGW6RI08DIE,OR custom_label_4 equals IL_3VBGW6RI08DIE
HALLOWEEN,IL_TOLRF8ZU3T5K,custom_label_0 equals IL_TOLRF8ZU3T5K,OR custom_label_1 equals IL_TOLRF8ZU3T5K,OR custom_label_2 equals IL_TOLRF8ZU3T5K,OR custom_label_3 equals IL_TOLRF8ZU3T5K,OR custom_label_4 equals IL_TOLRF8ZU3T5K
HARDWARE & FINISHES,IL_97O81RWTU3TG,custom_label_0 equals IL_97O81RWTU3TG,OR custom_label_1 equals IL_97O81RWTU3TG,OR custom_label_2 equals IL_97O81RWTU3TG,OR custom_label_3 equals IL_97O81RWTU3TG,OR custom_label_4 equals IL_97O81RWTU3TG
HEALTHY Living,IL_136JGDBOWW0I4,custom_label_0 equals IL_136JGDBOWW0I4,OR custom_label_1 equals IL_136JGDBOWW0I4,OR custom_label_2 equals IL_136JGDBOWW0I4,OR custom_label_3 equals IL_136JGDBOWW0I4,OR custom_label_4 equals IL_136JGDBOWW0I4
HILLARY'S BEACH Bag Essentials,IL_29FTLXCTPVP41,custom_label_0 equals IL_29FTLXCTPVP41,OR custom_label_1 equals IL_29FTLXCTPVP41,OR custom_label_2 equals IL_29FTLXCTPVP41,OR custom_label_3 equals IL_29FTLXCTPVP41,OR custom_label_4 equals IL_29FTLXCTPVP41
Hillary's NEWEST Finds,IL_1XPGUL8BC81KW,custom_label_0 equals IL_1XPGUL8BC81KW,OR custom_label_1 equals IL_1XPGUL8BC81KW,OR custom_label_2 equals IL_1XPGUL8BC81KW,OR custom_label_3 equals IL_1XPGUL8BC81KW,OR custom_label_4 equals IL_1XPGUL8BC81KW
HOLIDAY BEST SELLERS,IL_1Q6KH53S4CVWD,custom_label_0 equals IL_1Q6KH53S4CVWD,OR custom_label_1 equals IL_1Q6KH53S4CVWD,OR custom_label_2 equals IL_1Q6KH53S4CVWD,OR custom_label_3 equals IL_1Q6KH53S4CVWD,OR custom_label_4 equals IL_1Q6KH53S4CVWD
HOLIDAY COLOR CRUSHES 2025,IL_1LKQL9NF315YS,custom_label_0 equals IL_1LKQL9NF315YS,OR custom_label_1 equals IL_1LKQL9NF315YS,OR custom_label_2 equals IL_1LKQL9NF315YS,OR custom_label_3 equals IL_1LKQL9NF315YS,OR custom_label_4 equals IL_1LKQL9NF315YS
HOLIDAY ESSENTIALS,IL_ZN8TBHK35E0D,custom_label_0 equals IL_ZN8TBHK35E0D,OR custom_label_1 equals IL_ZN8TBHK35E0D,OR custom_label_2 equals IL_ZN8TBHK35E0D,OR custom_label_3 equals IL_ZN8TBHK35E0D,OR custom_label_4 equals IL_ZN8TBHK35E0D
HOLIDAY EVENING Looks,IL_2OL0SY0HD6BBS,custom_label_0 equals IL_2OL0SY0HD6BBS,OR custom_label_1 equals IL_2OL0SY0HD6BBS,OR custom_label_2 equals IL_2OL0SY0HD6BBS,OR custom_label_3 equals IL_2OL0SY0HD6BBS,OR custom_label_4 equals IL_2OL0SY0HD6BBS
HOLIDAY MUST-HAVES on AMAZON LIVE,IL_3U58T22AIU7ZR,custom_label_0 equals IL_3U58T22AIU7ZR,OR custom_label_1 equals IL_3U58T22AIU7ZR,OR custom_label_2 equals IL_3U58T22AIU7ZR,OR custom_label_3 equals IL_3U58T22AIU7ZR,OR custom_label_4 equals IL_3U58T22AIU7ZR
HOLIDAY ON SALE,IL_81C70Z4U4BII,custom_label_0 equals IL_81C70Z4U4BII,OR custom_label_1 equals IL_81C70Z4U4BII,OR custom_label_2 equals IL_81C70Z4U4BII,OR custom_label_3 equals IL_81C70Z4U4BII,OR custom_label_4 equals IL_81C70Z4U4BII
HOLIDAY THEMES 2025,IL_CQQP654U5715,custom_label_0 equals IL_CQQP654U5715,OR custom_label_1 equals IL_CQQP654U5715,OR custom_label_2 equals IL_CQQP654U5715,OR custom_label_3 equals IL_CQQP654U5715,OR custom_label_4 equals IL_CQQP654U5715
HOME & BATH Essentials,IL_IRH0FVF815TU,custom_label_0 equals IL_IRH0FVF815TU,OR custom_label_1 equals IL_IRH0FVF815TU,OR custom_label_2 equals IL_IRH0FVF815TU,OR custom_label_3 equals IL_IRH0FVF815TU,OR custom_label_4 equals IL_IRH0FVF815TU
HOME DECOR,IL_2V4ZM0XXYOP34,custom_label_0 equals IL_2V4ZM0XXYOP34,OR custom_label_1 equals IL_2V4ZM0XXYOP34,OR custom_label_2 equals IL_2V4ZM0XXYOP34,OR custom_label_3 equals IL_2V4ZM0XXYOP34,OR custom_label_4 equals IL_2V4ZM0XXYOP34
HOME OFFICE Essentials,IL_31KXTI157WXNV,custom_label_0 equals IL_31KXTI157WXNV,OR custom_label_1 equals IL_31KXTI157WXNV,OR custom_label_2 equals IL_31KXTI157WXNV,OR custom_label_3 equals IL_31KXTI157WXNV,OR custom_label_4 equals IL_31KXTI157WXNV
Home UPGRADES,IL_M615BEYW486F,custom_label_0 equals IL_M615BEYW486F,OR custom_label_1 equals IL_M615BEYW486F,OR custom_label_2 equals IL_M615BEYW486F,OR custom_label_3 equals IL_M615BEYW486F,OR custom_label_4 equals IL_M615BEYW486F
In MY Travel Bag,IL_SC6UJV027JAK,custom_label_0 equals IL_SC6UJV027JAK,OR custom_label_1 equals IL_SC6UJV027JAK,OR custom_label_2 equals IL_SC6UJV027JAK,OR custom_label_3 equals IL_SC6UJV027JAK,OR custom_label_4 equals IL_SC6UJV027JAK
JANUARY Best Sellers,IL_F5Z67P4FFJC4,custom_label_0 equals IL_F5Z67P4FFJC4,OR custom_label_1 equals IL_F5Z67P4FFJC4,OR custom_label_2 equals IL_F5Z67P4FFJC4,OR custom_label_3 equals IL_F5Z67P4FFJC4,OR custom_label_4 equals IL_F5Z67P4FFJC4
January Best Sellers 2,IL_2KYYGUEXPAOKJ,custom_label_0 equals IL_2KYYGUEXPAOKJ,OR custom_label_1 equals IL_2KYYGUEXPAOKJ,OR custom_label_2 equals IL_2KYYGUEXPAOKJ,OR custom_label_3 equals IL_2KYYGUEXPAOKJ,OR custom_label_4 equals IL_2KYYGUEXPAOKJ
JOCELYN'S Space,IL_1DXRHB098MRMA,custom_label_0 equals IL_1DXRHB098MRMA,OR custom_label_1 equals IL_1DXRHB098MRMA,OR custom_label_2 equals IL_1DXRHB098MRMA,OR custom_label_3 equals IL_1DXRHB098MRMA,OR custom_label_4 equals IL_1DXRHB098MRMA
JULY TOP PICKS,IL_9FXRQ038D494,custom_label_0 equals IL_9FXRQ038D494,OR custom_label_1 equals IL_9FXRQ038D494,OR custom_label_2 equals IL_9FXRQ038D494,OR custom_label_3 equals IL_9FXRQ038D494,OR custom_label_4 equals IL_9FXRQ038D494
JUNE TOP PICKS,IL_2Q5678F6BP61R,custom_label_0 equals IL_2Q5678F6BP61R,OR custom_label_1 equals IL_2Q5678F6BP61R,OR custom_label_2 equals IL_2Q5678F6BP61R,OR custom_label_3 equals IL_2Q5678F6BP61R,OR custom_label_4 equals IL_2Q5678F6BP61R
JUST IN - Organizing & Home,IL_3UQI8VF6F9P66,custom_label_0 equals IL_3UQI8VF6F9P66,OR custom_label_1 equals IL_3UQI8VF6F9P66,OR custom_label_2 equals IL_3UQI8VF6F9P66,OR custom_label_3 equals IL_3UQI8VF6F9P66,OR custom_label_4 equals IL_3UQI8VF6F9P66
JUST IN...My Newest OBSESSIONS,IL_EAQUVLIMTM7R,custom_label_0 equals IL_EAQUVLIMTM7R,OR custom_label_1 equals IL_EAQUVLIMTM7R,OR custom_label_2 equals IL_EAQUVLIMTM7R,OR custom_label_3 equals IL_EAQUVLIMTM7R,OR custom_label_4 equals IL_EAQUVLIMTM7R
KITCHEN Essentials,IL_286Q78OJSYZO8,custom_label_0 equals IL_286Q78OJSYZO8,OR custom_label_1 equals IL_286Q78OJSYZO8,OR custom_label_2 equals IL_286Q78OJSYZO8,OR custom_label_3 equals IL_286Q78OJSYZO8,OR custom_label_4 equals IL_286Q78OJSYZO8
KITCHEN Organizing,IL_2B46UO4I7XY3G,custom_label_0 equals IL_2B46UO4I7XY3G,OR custom_label_1 equals IL_2B46UO4I7XY3G,OR custom_label_2 equals IL_2B46UO4I7XY3G,OR custom_label_3 equals IL_2B46UO4I7XY3G,OR custom_label_4 equals IL_2B46UO4I7XY3G
LAMPS,IL_28Z72BVY6B71P,custom_label_0 equals IL_28Z72BVY6B71P,OR custom_label_1 equals IL_28Z72BVY6B71P,OR custom_label_2 equals IL_28Z72BVY6B71P,OR custom_label_3 equals IL_28Z72BVY6B71P,OR custom_label_4 equals IL_28Z72BVY6B71P
LAST MINUTE GIFTS,IL_1OH1TVBZ3L337,custom_label_0 equals IL_1OH1TVBZ3L337,OR custom_label_1 equals IL_1OH1TVBZ3L337,OR custom_label_2 equals IL_1OH1TVBZ3L337,OR custom_label_3 equals IL_1OH1TVBZ3L337,OR custom_label_4 equals IL_1OH1TVBZ3L337
LAUNDRY Room Essentials,IL_27L1ENCS6OMON,custom_label_0 equals IL_27L1ENCS6OMON,OR custom_label_1 equals IL_27L1ENCS6OMON,OR custom_label_2 equals IL_27L1ENCS6OMON,OR custom_label_3 equals IL_27L1ENCS6OMON,OR custom_label_4 equals IL_27L1ENCS6OMON
LIGHTING - Designer Inspired,IL_K3IDK9BPXYFW,custom_label_0 equals IL_K3IDK9BPXYFW,OR custom_label_1 equals IL_K3IDK9BPXYFW,OR custom_label_2 equals IL_K3IDK9BPXYFW,OR custom_label_3 equals IL_K3IDK9BPXYFW,OR custom_label_4 equals IL_K3IDK9BPXYFW
LUXE Gifting,IL_B4MF8PKIS82A,custom_label_0 equals IL_B4MF8PKIS82A,OR custom_label_1 equals IL_B4MF8PKIS82A,OR custom_label_2 equals IL_B4MF8PKIS82A,OR custom_label_3 equals IL_B4MF8PKIS82A,OR custom_label_4 equals IL_B4MF8PKIS82A
LUXE Holiday Home,IL_21MLRQOMMKCFI,custom_label_0 equals IL_21MLRQOMMKCFI,OR custom_label_1 equals IL_21MLRQOMMKCFI,OR custom_label_2 equals IL_21MLRQOMMKCFI,OR custom_label_3 equals IL_21MLRQOMMKCFI,OR custom_label_4 equals IL_21MLRQOMMKCFI
LUXE JEWELRY & ACCESSORIES,IL_27BIT6UUHQ198,custom_label_0 equals IL_27BIT6UUHQ198,OR custom_label_1 equals IL_27BIT6UUHQ198,OR custom_label_2 equals IL_27BIT6UUHQ198,OR custom_label_3 equals IL_27BIT6UUHQ198,OR custom_label_4 equals IL_27BIT6UUHQ198
LUXURY GIFTS,IL_3KKGHGSJ1ZRYC,custom_label_0 equals IL_3KKGHGSJ1ZRYC,OR custom_label_1 equals IL_3KKGHGSJ1ZRYC,OR custom_label_2 equals IL_3KKGHGSJ1ZRYC,OR custom_label_3 equals IL_3KKGHGSJ1ZRYC,OR custom_label_4 equals IL_3KKGHGSJ1ZRYC
MARCH Best Sellers,IL_13DUABZBTBJVY,custom_label_0 equals IL_13DUABZBTBJVY,OR custom_label_1 equals IL_13DUABZBTBJVY,OR custom_label_2 equals IL_13DUABZBTBJVY,OR custom_label_3 equals IL_13DUABZBTBJVY,OR custom_label_4 equals IL_13DUABZBTBJVY
MAXI DRESS EDIT,IL_3CETAKAWP1P7C,custom_label_0 equals IL_3CETAKAWP1P7C,OR custom_label_1 equals IL_3CETAKAWP1P7C,OR custom_label_2 equals IL_3CETAKAWP1P7C,OR custom_label_3 equals IL_3CETAKAWP1P7C,OR custom_label_4 equals IL_3CETAKAWP1P7C
MEMORIAL DAY SALE FOLLOWER FAVORITES,IL_17ITIHGPTINHX,custom_label_0 equals IL_17ITIHGPTINHX,OR custom_label_1 equals IL_17ITIHGPTINHX,OR custom_label_2 equals IL_17ITIHGPTINHX,OR custom_label_3 equals IL_17ITIHGPTINHX,OR custom_label_4 equals IL_17ITIHGPTINHX
Moody Luxe Home,IL_DB6CKD297DDB,custom_label_0 equals IL_DB6CKD297DDB,OR custom_label_1 equals IL_DB6CKD297DDB,OR custom_label_2 equals IL_DB6CKD297DDB,OR custom_label_3 equals IL_DB6CKD297DDB,OR custom_label_4 equals IL_DB6CKD297DDB
MORE NEW FINDS,IL_32M44I5BF0O0R,custom_label_0 equals IL_32M44I5BF0O0R,OR custom_label_1 equals IL_32M44I5BF0O0R,OR custom_label_2 equals IL_32M44I5BF0O0R,OR custom_label_3 equals IL_32M44I5BF0O0R,OR custom_label_4 equals IL_32M44I5BF0O0R
MUST-HAVE HOSTING,IL_23YO2PO28IXV,custom_label_0 equals IL_23YO2PO28IXV,OR custom_label_1 equals IL_23YO2PO28IXV,OR custom_label_2 equals IL_23YO2PO28IXV,OR custom_label_3 equals IL_23YO2PO28IXV,OR custom_label_4 equals IL_23YO2PO28IXV
My Curated Gift Guide,IL_IE0BGUCCDZ8X,custom_label_0 equals IL_IE0BGUCCDZ8X,OR custom_label_1 equals IL_IE0BGUCCDZ8X,OR custom_label_2 equals IL_IE0BGUCCDZ8X,OR custom_label_3 equals IL_IE0BGUCCDZ8X,OR custom_label_4 equals IL_IE0BGUCCDZ8X
MY HOLIDAY Home,IL_18JLLR8E7X2KU,custom_label_0 equals IL_18JLLR8E7X2KU,OR custom_label_1 equals IL_18JLLR8E7X2KU,OR custom_label_2 equals IL_18JLLR8E7X2KU,OR custom_label_3 equals IL_18JLLR8E7X2KU,OR custom_label_4 equals IL_18JLLR8E7X2KU
MY Holiday Styling List,IL_12LJ38VR8BIZT,custom_label_0 equals IL_12LJ38VR8BIZT,OR custom_label_1 equals IL_12LJ38VR8BIZT,OR custom_label_2 equals IL_12LJ38VR8BIZT,OR custom_label_3 equals IL_12LJ38VR8BIZT,OR custom_label_4 equals IL_12LJ38VR8BIZT
My TOP Amazon Cleaning and Organizing,IL_KIGFVJQ0V3OW,custom_label_0 equals IL_KIGFVJQ0V3OW,OR custom_label_1 equals IL_KIGFVJQ0V3OW,OR custom_label_2 equals IL_KIGFVJQ0V3OW,OR custom_label_3 equals IL_KIGFVJQ0V3OW,OR custom_label_4 equals IL_KIGFVJQ0V3OW
MY TOP PRODUCTS FOR JULY,IL_OB8CSFU2LS6V,custom_label_0 equals IL_OB8CSFU2LS6V,OR custom_label_1 equals IL_OB8CSFU2LS6V,OR custom_label_2 equals IL_OB8CSFU2LS6V,OR custom_label_3 equals IL_OB8CSFU2LS6V,OR custom_label_4 equals IL_OB8CSFU2LS6V
NEW Arrivals,IL_2DHFOQ3A1Q5U2,custom_label_0 equals IL_2DHFOQ3A1Q5U2,OR custom_label_1 equals IL_2DHFOQ3A1Q5U2,OR custom_label_2 equals IL_2DHFOQ3A1Q5U2,OR custom_label_3 equals IL_2DHFOQ3A1Q5U2,OR custom_label_4 equals IL_2DHFOQ3A1Q5U2
NEW HOLIDAY Finds,IL_13866CB1KN3RI,custom_label_0 equals IL_13866CB1KN3RI,OR custom_label_1 equals IL_13866CB1KN3RI,OR custom_label_2 equals IL_13866CB1KN3RI,OR custom_label_3 equals IL_13866CB1KN3RI,OR custom_label_4 equals IL_13866CB1KN3RI
NEW HOME FINDS,IL_1QMBJFJU34FUR,custom_label_0 equals IL_1QMBJFJU34FUR,OR custom_label_1 equals IL_1QMBJFJU34FUR,OR custom_label_2 equals IL_1QMBJFJU34FUR,OR custom_label_3 equals IL_1QMBJFJU34FUR,OR custom_label_4 equals IL_1QMBJFJU34FUR
New Year's Must-Haves,IL_3H3WH72KSZXK3,custom_label_0 equals IL_3H3WH72KSZXK3,OR custom_label_1 equals IL_3H3WH72KSZXK3,OR custom_label_2 equals IL_3H3WH72KSZXK3,OR custom_label_3 equals IL_3H3WH72KSZXK3,OR custom_label_4 equals IL_3H3WH72KSZXK3
NIGHTSTAND Essentials,IL_2969EJ7F6BLI8,custom_label_0 equals IL_2969EJ7F6BLI8,OR custom_label_1 equals IL_2969EJ7F6BLI8,OR custom_label_2 equals IL_2969EJ7F6BLI8,OR custom_label_3 equals IL_2969EJ7F6BLI8,OR custom_label_4 equals IL_2969EJ7F6BLI8
NO DRILL Home Improvement,IL_2P1RVZSE8RCAZ,custom_label_0 equals IL_2P1RVZSE8RCAZ,OR custom_label_1 equals IL_2P1RVZSE8RCAZ,OR custom_label_2 equals IL_2P1RVZSE8RCAZ,OR custom_label_3 equals IL_2P1RVZSE8RCAZ,OR custom_label_4 equals IL_2P1RVZSE8RCAZ
ORGANIZING Essentials,IL_27VCDHN1568QK,custom_label_0 equals IL_27VCDHN1568QK,OR custom_label_1 equals IL_27VCDHN1568QK,OR custom_label_2 equals IL_27VCDHN1568QK,OR custom_label_3 equals IL_27VCDHN1568QK,OR custom_label_4 equals IL_27VCDHN1568QK
Our REMODEL HOME,IL_1RA73GK94YR1G,custom_label_0 equals IL_1RA73GK94YR1G,OR custom_label_1 equals IL_1RA73GK94YR1G,OR custom_label_2 equals IL_1RA73GK94YR1G,OR custom_label_3 equals IL_1RA73GK94YR1G,OR custom_label_4 equals IL_1RA73GK94YR1G
OUR Rental,IL_21IKKXKZPGWVW,custom_label_0 equals IL_21IKKXKZPGWVW,OR custom_label_1 equals IL_21IKKXKZPGWVW,OR custom_label_2 equals IL_21IKKXKZPGWVW,OR custom_label_3 equals IL_21IKKXKZPGWVW,OR custom_label_4 equals IL_21IKKXKZPGWVW
Our SITTING ROOM,IL_T9AHRYR4TO4W,custom_label_0 equals IL_T9AHRYR4TO4W,OR custom_label_1 equals IL_T9AHRYR4TO4W,OR custom_label_2 equals IL_T9AHRYR4TO4W,OR custom_label_3 equals IL_T9AHRYR4TO4W,OR custom_label_4 equals IL_T9AHRYR4TO4W
OUTDOOR Oasis,IL_VI6A3WXDHHDU,custom_label_0 equals IL_VI6A3WXDHHDU,OR custom_label_1 equals IL_VI6A3WXDHHDU,OR custom_label_2 equals IL_VI6A3WXDHHDU,OR custom_label_3 equals IL_VI6A3WXDHHDU,OR custom_label_4 equals IL_VI6A3WXDHHDU
Outdoor PLANTERS,IL_270Y6RLSPP10V,custom_label_0 equals IL_270Y6RLSPP10V,OR custom_label_1 equals IL_270Y6RLSPP10V,OR custom_label_2 equals IL_270Y6RLSPP10V,OR custom_label_3 equals IL_270Y6RLSPP10V,OR custom_label_4 equals IL_270Y6RLSPP10V
OVER 40 & Fabulous HILLARY'S Capsule WARDROBE - Effortless & Chic,IL_1GS6BISWIK7UN,custom_label_0 equals IL_1GS6BISWIK7UN,OR custom_label_1 equals IL_1GS6BISWIK7UN,OR custom_label_2 equals IL_1GS6BISWIK7UN,OR custom_label_3 equals IL_1GS6BISWIK7UN,OR custom_label_4 equals IL_1GS6BISWIK7UN
PANTRY Organization,IL_1MKYF1CAY9E8G,custom_label_0 equals IL_1MKYF1CAY9E8G,OR custom_label_1 equals IL_1MKYF1CAY9E8G,OR custom_label_2 equals IL_1MKYF1CAY9E8G,OR custom_label_3 equals IL_1MKYF1CAY9E8G,OR custom_label_4 equals IL_1MKYF1CAY9E8G
PILATES PRINCESS,IL_3QM5O5E9ELURW,custom_label_0 equals IL_3QM5O5E9ELURW,OR custom_label_1 equals IL_3QM5O5E9ELURW,OR custom_label_2 equals IL_3QM5O5E9ELURW,OR custom_label_3 equals IL_3QM5O5E9ELURW,OR custom_label_4 equals IL_3QM5O5E9ELURW
PILLOWS & THROWS,IL_J4MBZKLMALLQ,custom_label_0 equals IL_J4MBZKLMALLQ,OR custom_label_1 equals IL_J4MBZKLMALLQ,OR custom_label_2 equals IL_J4MBZKLMALLQ,OR custom_label_3 equals IL_J4MBZKLMALLQ,OR custom_label_4 equals IL_J4MBZKLMALLQ
POWDER BATH,IL_311VGYMV97O78,custom_label_0 equals IL_311VGYMV97O78,OR custom_label_1 equals IL_311VGYMV97O78,OR custom_label_2 equals IL_311VGYMV97O78,OR custom_label_3 equals IL_311VGYMV97O78,OR custom_label_4 equals IL_311VGYMV97O78
PRESCHOOL LITTLES,IL_16F1ZOLGB573M,custom_label_0 equals IL_16F1ZOLGB573M,OR custom_label_1 equals IL_16F1ZOLGB573M,OR custom_label_2 equals IL_16F1ZOLGB573M,OR custom_label_3 equals IL_16F1ZOLGB573M,OR custom_label_4 equals IL_16F1ZOLGB573M
QUIET LUXURY/OLD MONEY,IL_310DHOAQUC0DH,custom_label_0 equals IL_310DHOAQUC0DH,OR custom_label_1 equals IL_310DHOAQUC0DH,OR custom_label_2 equals IL_310DHOAQUC0DH,OR custom_label_3 equals IL_310DHOAQUC0DH,OR custom_label_4 equals IL_310DHOAQUC0DH
RESORT WEAR FASHION,IL_15NDDXZ7X0955,custom_label_0 equals IL_15NDDXZ7X0955,OR custom_label_1 equals IL_15NDDXZ7X0955,OR custom_label_2 equals IL_15NDDXZ7X0955,OR custom_label_3 equals IL_15NDDXZ7X0955,OR custom_label_4 equals IL_15NDDXZ7X0955
RESTORATION VIBES,IL_2I5A3XFI29113,custom_label_0 equals IL_2I5A3XFI29113,OR custom_label_1 equals IL_2I5A3XFI29113,OR custom_label_2 equals IL_2I5A3XFI29113,OR custom_label_3 equals IL_2I5A3XFI29113,OR custom_label_4 equals IL_2I5A3XFI29113
RH STYLE - Looks like a SPLURGE,IL_32TSU85USSAQZ,custom_label_0 equals IL_32TSU85USSAQZ,OR custom_label_1 equals IL_32TSU85USSAQZ,OR custom_label_2 equals IL_32TSU85USSAQZ,OR custom_label_3 equals IL_32TSU85USSAQZ,OR custom_label_4 equals IL_32TSU85USSAQZ
RUGS,IL_2N8O18PX5PHA3,custom_label_0 equals IL_2N8O18PX5PHA3,OR custom_label_1 equals IL_2N8O18PX5PHA3,OR custom_label_2 equals IL_2N8O18PX5PHA3,OR custom_label_3 equals IL_2N8O18PX5PHA3,OR custom_label_4 equals IL_2N8O18PX5PHA3
SHATTERPROOF Beverage Glasses,IL_3U9GRAHOG87DY,custom_label_0 equals IL_3U9GRAHOG87DY,OR custom_label_1 equals IL_3U9GRAHOG87DY,OR custom_label_2 equals IL_3U9GRAHOG87DY,OR custom_label_3 equals IL_3U9GRAHOG87DY,OR custom_label_4 equals IL_3U9GRAHOG87DY
SHOP The Hillary Style,IL_21CU9PVXLTL6P,custom_label_0 equals IL_21CU9PVXLTL6P,OR custom_label_1 equals IL_21CU9PVXLTL6P,OR custom_label_2 equals IL_21CU9PVXLTL6P,OR custom_label_3 equals IL_21CU9PVXLTL6P,OR custom_label_4 equals IL_21CU9PVXLTL6P
SHOPBOP Favorites,IL_EEJXEINH2736,custom_label_0 equals IL_EEJXEINH2736,OR custom_label_1 equals IL_EEJXEINH2736,OR custom_label_2 equals IL_EEJXEINH2736,OR custom_label_3 equals IL_EEJXEINH2736,OR custom_label_4 equals IL_EEJXEINH2736
SKIMS LIKE BASICS,IL_395N3QLHWD5V7,custom_label_0 equals IL_395N3QLHWD5V7,OR custom_label_1 equals IL_395N3QLHWD5V7,OR custom_label_2 equals IL_395N3QLHWD5V7,OR custom_label_3 equals IL_395N3QLHWD5V7,OR custom_label_4 equals IL_395N3QLHWD5V7
SOFAS. ACCENT CHAIRS. OTTOMANS.,IL_34VIWGR89GOO8,custom_label_0 equals IL_34VIWGR89GOO8,OR custom_label_1 equals IL_34VIWGR89GOO8,OR custom_label_2 equals IL_34VIWGR89GOO8,OR custom_label_3 equals IL_34VIWGR89GOO8,OR custom_label_4 equals IL_34VIWGR89GOO8
SPORT MOM Style,IL_33RG7LWDINUWO,custom_label_0 equals IL_33RG7LWDINUWO,OR custom_label_1 equals IL_33RG7LWDINUWO,OR custom_label_2 equals IL_33RG7LWDINUWO,OR custom_label_3 equals IL_33RG7LWDINUWO,OR custom_label_4 equals IL_33RG7LWDINUWO
Spring Obsessed,IL_222ENLE1WDY2M,custom_label_0 equals IL_222ENLE1WDY2M,OR custom_label_1 equals IL_222ENLE1WDY2M,OR custom_label_2 equals IL_222ENLE1WDY2M,OR custom_label_3 equals IL_222ENLE1WDY2M,OR custom_label_4 equals IL_222ENLE1WDY2M
STOCKING STUFFERS,IL_20274194WU668,custom_label_0 equals IL_20274194WU668,OR custom_label_1 equals IL_20274194WU668,OR custom_label_2 equals IL_20274194WU668,OR custom_label_3 equals IL_20274194WU668,OR custom_label_4 equals IL_20274194WU668
Subtle Luxury Home,IL_BWHQ5TU85DA7,custom_label_0 equals IL_BWHQ5TU85DA7,OR custom_label_1 equals IL_BWHQ5TU85DA7,OR custom_label_2 equals IL_BWHQ5TU85DA7,OR custom_label_3 equals IL_BWHQ5TU85DA7,OR custom_label_4 equals IL_BWHQ5TU85DA7
SUMMER HOSTING,IL_C4VDLQZK7ACP,custom_label_0 equals IL_C4VDLQZK7ACP,OR custom_label_1 equals IL_C4VDLQZK7ACP,OR custom_label_2 equals IL_C4VDLQZK7ACP,OR custom_label_3 equals IL_C4VDLQZK7ACP,OR custom_label_4 equals IL_C4VDLQZK7ACP
TABLETOP MUST-HAVES,IL_2RA331651DDK8,custom_label_0 equals IL_2RA331651DDK8,OR custom_label_1 equals IL_2RA331651DDK8,OR custom_label_2 equals IL_2RA331651DDK8,OR custom_label_3 equals IL_2RA331651DDK8,OR custom_label_4 equals IL_2RA331651DDK8
TECH ESSENTIALS,IL_1LVS8EBYWIS2J,custom_label_0 equals IL_1LVS8EBYWIS2J,OR custom_label_1 equals IL_1LVS8EBYWIS2J,OR custom_label_2 equals IL_1LVS8EBYWIS2J,OR custom_label_3 equals IL_1LVS8EBYWIS2J,OR custom_label_4 equals IL_1LVS8EBYWIS2J
TEEN GIRLIES,IL_370XLUWUIJAX1,custom_label_0 equals IL_370XLUWUIJAX1,OR custom_label_1 equals IL_370XLUWUIJAX1,OR custom_label_2 equals IL_370XLUWUIJAX1,OR custom_label_3 equals IL_370XLUWUIJAX1,OR custom_label_4 equals IL_370XLUWUIJAX1
TEEN GUYS,IL_O65RH2OR0EF3,custom_label_0 equals IL_O65RH2OR0EF3,OR custom_label_1 equals IL_O65RH2OR0EF3,OR custom_label_2 equals IL_O65RH2OR0EF3,OR custom_label_3 equals IL_O65RH2OR0EF3,OR custom_label_4 equals IL_O65RH2OR0EF3
THE DRESS SHOPPE - From BRUNCH to BLACK TIE,IL_1HHMN64HEUPU9,custom_label_0 equals IL_1HHMN64HEUPU9,OR custom_label_1 equals IL_1HHMN64HEUPU9,OR custom_label_2 equals IL_1HHMN64HEUPU9,OR custom_label_3 equals IL_1HHMN64HEUPU9,OR custom_label_4 equals IL_1HHMN64HEUPU9
The FALL EDIT,IL_IOIVGOQN9X1X,custom_label_0 equals IL_IOIVGOQN9X1X,OR custom_label_1 equals IL_IOIVGOQN9X1X,OR custom_label_2 equals IL_IOIVGOQN9X1X,OR custom_label_3 equals IL_IOIVGOQN9X1X,OR custom_label_4 equals IL_IOIVGOQN9X1X
The Hillary Style Holiday,IL_2V2HL7TFY8QE8,custom_label_0 equals IL_2V2HL7TFY8QE8,OR custom_label_1 equals IL_2V2HL7TFY8QE8,OR custom_label_2 equals IL_2V2HL7TFY8QE8,OR custom_label_3 equals IL_2V2HL7TFY8QE8,OR custom_label_4 equals IL_2V2HL7TFY8QE8
THE Little Black Dress,IL_CTNECHN1HUCU,custom_label_0 equals IL_CTNECHN1HUCU,OR custom_label_1 equals IL_CTNECHN1HUCU,OR custom_label_2 equals IL_CTNECHN1HUCU,OR custom_label_3 equals IL_CTNECHN1HUCU,OR custom_label_4 equals IL_CTNECHN1HUCU
THE Littles - GIFT GUIDE,IL_3BMD6XLV7JIPG,custom_label_0 equals IL_3BMD6XLV7JIPG,OR custom_label_1 equals IL_3BMD6XLV7JIPG,OR custom_label_2 equals IL_3BMD6XLV7JIPG,OR custom_label_3 equals IL_3BMD6XLV7JIPG,OR custom_label_4 equals IL_3BMD6XLV7JIPG
The STYLE EDIT - HOTTEST finds RIGHT NOW!,IL_1SLNDA7361JAR,custom_label_0 equals IL_1SLNDA7361JAR,OR custom_label_1 equals IL_1SLNDA7361JAR,OR custom_label_2 equals IL_1SLNDA7361JAR,OR custom_label_3 equals IL_1SLNDA7361JAR,OR custom_label_4 equals IL_1SLNDA7361JAR
TOP 100 HOME PICKS,IL_2DVQFMB8O8SDC,custom_label_0 equals IL_2DVQFMB8O8SDC,OR custom_label_1 equals IL_2DVQFMB8O8SDC,OR custom_label_2 equals IL_2DVQFMB8O8SDC,OR custom_label_3 equals IL_2DVQFMB8O8SDC,OR custom_label_4 equals IL_2DVQFMB8O8SDC
TOP 100 PRIME FASHION DEALS,IL_2LWBTUXIDQYKM,custom_label_0 equals IL_2LWBTUXIDQYKM,OR custom_label_1 equals IL_2LWBTUXIDQYKM,OR custom_label_2 equals IL_2LWBTUXIDQYKM,OR custom_label_3 equals IL_2LWBTUXIDQYKM,OR custom_label_4 equals IL_2LWBTUXIDQYKM
TOP 100+ PRIME DEALS,IL_330I4A3SQ3ERE,custom_label_0 equals IL_330I4A3SQ3ERE,OR custom_label_1 equals IL_330I4A3SQ3ERE,OR custom_label_2 equals IL_330I4A3SQ3ERE,OR custom_label_3 equals IL_330I4A3SQ3ERE,OR custom_label_4 equals IL_330I4A3SQ3ERE
TOP 50 BEAUTY,IL_17SP6THMUJN6E,custom_label_0 equals IL_17SP6THMUJN6E,OR custom_label_1 equals IL_17SP6THMUJN6E,OR custom_label_2 equals IL_17SP6THMUJN6E,OR custom_label_3 equals IL_17SP6THMUJN6E,OR custom_label_4 equals IL_17SP6THMUJN6E
TOP MOVING/ORGANIZING,IL_3VW7VU2STCZ6B,custom_label_0 equals IL_3VW7VU2STCZ6B,OR custom_label_1 equals IL_3VW7VU2STCZ6B,OR custom_label_2 equals IL_3VW7VU2STCZ6B,OR custom_label_3 equals IL_3VW7VU2STCZ6B,OR custom_label_4 equals IL_3VW7VU2STCZ6B
TOP NOVEMBER DEALS,IL_2Z5U0A9S9OXF9,custom_label_0 equals IL_2Z5U0A9S9OXF9,OR custom_label_1 equals IL_2Z5U0A9S9OXF9,OR custom_label_2 equals IL_2Z5U0A9S9OXF9,OR custom_label_3 equals IL_2Z5U0A9S9OXF9,OR custom_label_4 equals IL_2Z5U0A9S9OXF9
TOP OCTOBER DEALS,IL_1E7EHNK9QTVEH,custom_label_0 equals IL_1E7EHNK9QTVEH,OR custom_label_1 equals IL_1E7EHNK9QTVEH,OR custom_label_2 equals IL_1E7EHNK9QTVEH,OR custom_label_3 equals IL_1E7EHNK9QTVEH,OR custom_label_4 equals IL_1E7EHNK9QTVEH
TOP SEPTEMBER DEALS,IL_JI222AIPC2S,custom_label_0 equals IL_JI222AIPC2S,OR custom_label_1 equals IL_JI222AIPC2S,OR custom_label_2 equals IL_JI222AIPC2S,OR custom_label_3 equals IL_JI222AIPC2S,OR custom_label_4 equals IL_JI222AIPC2S
TRANSITIONAL Fall Fashion,IL_5MN6DE6JTTK2,custom_label_0 equals IL_5MN6DE6JTTK2,OR custom_label_1 equals IL_5MN6DE6JTTK2,OR custom_label_2 equals IL_5MN6DE6JTTK2,OR custom_label_3 equals IL_5MN6DE6JTTK2,OR custom_label_4 equals IL_5MN6DE6JTTK2
TRAVEL,IL_24ASC2W86JF33,custom_label_0 equals IL_24ASC2W86JF33,OR custom_label_1 equals IL_24ASC2W86JF33,OR custom_label_2 equals IL_24ASC2W86JF33,OR custom_label_3 equals IL_24ASC2W86JF33,OR custom_label_4 equals IL_24ASC2W86JF33
TWEEN & TEEN - GIFT GUIDE,IL_1I8FQ5LPJG30D,custom_label_0 equals IL_1I8FQ5LPJG30D,OR custom_label_1 equals IL_1I8FQ5LPJG30D,OR custom_label_2 equals IL_1I8FQ5LPJG30D,OR custom_label_3 equals IL_1I8FQ5LPJG30D,OR custom_label_4 equals IL_1I8FQ5LPJG30D
TWEEN BACK TO SCHOOL,IL_39AL8K1TZE306,custom_label_0 equals IL_39AL8K1TZE306,OR custom_label_1 equals IL_39AL8K1TZE306,OR custom_label_2 equals IL_39AL8K1TZE306,OR custom_label_3 equals IL_39AL8K1TZE306,OR custom_label_4 equals IL_39AL8K1TZE306
UNBOXING,IL_1NR6N43OIR93A,custom_label_0 equals IL_1NR6N43OIR93A,OR custom_label_1 equals IL_1NR6N43OIR93A,OR custom_label_2 equals IL_1NR6N43OIR93A,OR custom_label_3 equals IL_1NR6N43OIR93A,OR custom_label_4 equals IL_1NR6N43OIR93A
UNDER $50 FALL Capsule,IL_39FHE4P3M78YV,custom_label_0 equals IL_39FHE4P3M78YV,OR custom_label_1 equals IL_39FHE4P3M78YV,OR custom_label_2 equals IL_39FHE4P3M78YV,OR custom_label_3 equals IL_39FHE4P3M78YV,OR custom_label_4 equals IL_39FHE4P3M78YV
VANITY Must-Haves,IL_K1RZXTONZLT1,custom_label_0 equals IL_K1RZXTONZLT1,OR custom_label_1 equals IL_K1RZXTONZLT1,OR custom_label_2 equals IL_K1RZXTONZLT1,OR custom_label_3 equals IL_K1RZXTONZLT1,OR custom_label_4 equals IL_K1RZXTONZLT1
Vanity Organization,IL_WMCP8YLCXSCD,custom_label_0 equals IL_WMCP8YLCXSCD,OR custom_label_1 equals IL_WMCP8YLCXSCD,OR custom_label_2 equals IL_WMCP8YLCXSCD,OR custom_label_3 equals IL_WMCP8YLCXSCD,OR custom_label_4 equals IL_WMCP8YLCXSCD
VASES. TRAYS. BOXES.,IL_2YQAXQUJ2H8KY,custom_label_0 equals IL_2YQAXQUJ2H8KY,OR custom_label_1 equals IL_2YQAXQUJ2H8KY,OR custom_label_2 equals IL_2YQAXQUJ2H8KY,OR custom_label_3 equals IL_2YQAXQUJ2H8KY,OR custom_label_4 equals IL_2YQAXQUJ2H8KY
VIRAL Holiday Finds,IL_3QCVRRMTI2TTQ,custom_label_0 equals IL_3QCVRRMTI2TTQ,OR custom_label_1 equals IL_3QCVRRMTI2TTQ,OR custom_label_2 equals IL_3QCVRRMTI2TTQ,OR custom_label_3 equals IL_3QCVRRMTI2TTQ,OR custom_label_4 equals IL_3QCVRRMTI2TTQ
VIRAL Home Gadgets,IL_14615HLXD512Y,custom_label_0 equals IL_14615HLXD512Y,OR custom_label_1 equals IL_14615HLXD512Y,OR custom_label_2 equals IL_14615HLXD512Y,OR custom_label_3 equals IL_14615HLXD512Y,OR custom_label_4 equals IL_14615HLXD512Y
WALL DECOR - MIRRORS. ART. FRAMES.,IL_1HZQPC6SSAHFG,custom_label_0 equals IL_1HZQPC6SSAHFG,OR custom_label_1 equals IL_1HZQPC6SSAHFG,OR custom_label_2 equals IL_1HZQPC6SSAHFG,OR custom_label_3 equals IL_1HZQPC6SSAHFG,OR custom_label_4 equals IL_1HZQPC6SSAHFG
WINTER FASHION,IL_PN4A9X7BMPFX,custom_label_0 equals IL_PN4A9X7BMPFX,OR custom_label_1 equals IL_PN4A9X7BMPFX,OR custom_label_2 equals IL_PN4A9X7BMPFX,OR custom_label_3 equals IL_PN4A9X7BMPFX,OR custom_label_4 equals IL_PN4A9X7BMPFX
WORK WEAR,IL_3J2NRGA0NCDGR,custom_label_0 equals IL_3J2NRGA0NCDGR,OR custom_label_1 equals IL_3J2NRGA0NCDGR,OR custom_label_2 equals IL_3J2NRGA0NCDGR,OR custom_label_3 equals IL_3J2NRGA0NCDGR,OR custom_label_4 equals IL_3J2NRGA0NCDGR
Your Currently MOST-LOVED,IL_3BNM8CSCBJ7VF,custom_label_0 equals IL_3BNM8CSCBJ7VF,OR custom_label_1 equals IL_3BNM8CSCBJ7VF,OR custom_label_2 equals IL_3BNM8CSCBJ7VF,OR custom_label_3 equals IL_3BNM8CSCBJ7VF,OR custom_label_4 equals IL_3BNM8CSCBJ7VF
