list_id,stable_meta_label,current_title,fallback_name,idea_list_url,include_in_meta,first_seen,last_seen,last_changed,last_product_count,product_hash,status
12L5JOTON77WY,IL_12L5JOTON77WY,GADGETS I CANNOT live WITHOUT,See all,https://www.amazon.com/shop/thehillarystyle/list/12L5JOTON77WY,yes,2026-08-04T12:43:18-07:00,2026-08-04T14:44:03-07:00,,38,3b1150daf1436dfb83442bf4dbb3b93b94cb0c18f385fdbd344a55d9ca7016d2,approved_active
12LJ38VR8BIZT,IL_12LJ38VR8BIZT,MY Holiday Styling List,MY Holiday Styling List 22 Items,https://www.amazon.com/shop/thehillarystyle/list/12LJ38VR8BIZT,yes,2026-08-04T12:43:18-07:00,2026-08-04T14:44:08-07:00,,32,78d9dacbbd2dc000c33c0ff886d599ce4cbd745cb1561aa263d315272fe1b863,approved_active
136JGDBOWW0I4,IL_136JGDBOWW0I4,HEALTHY Living,See all,https://www.amazon.com/shop/thehillarystyle/list/136JGDBOWW0I4,yes,2026-08-04T12:43:18-07:00,2026-08-04T14:44:13-07:00,,42,aaa8ab35b7c03206e29153cbfebcb69d7c53e7508c4dc944330be93864d8271e,approved_active
13866CB1KN3RI,IL_13866CB1KN3RI,NEW HOLIDAY Finds,See all,https://www.amazon.com/shop/thehillarystyle/list/13866CB1KN3RI,yes,2026-08-04T12:43:18-07:00,2026-08-04T14:44:19-07:00,,37,d3dc05692c94d2015aca6d895ae9deee812fd278531b03d64f55383aa719afda,approved_active
13DUABZBTBJVY,IL_13DUABZBTBJVY,MARCH Best Sellers,MARCH Best Sellers 379 Items,https://www.amazon.com/shop/thehillarystyle/list/13DUABZBTBJVY,yes,2026-08-04T12:43:18-07:00,2026-08-04T14:40:27-07:00,,41,ccd415c1faf96b8da05b4518c8ec86449b31272e5b679b305f161080e3485c5a,approved_active
13LSJDYI0DMAZ,IL_13LSJDYI0DMAZ,ELEMENTARY SCHOOL,See all,https://www.amazon.com/shop/thehillarystyle/list/13LSJDYI0DMAZ,yes,2026-08-04T12:43:18-07:00,2026-08-04T14:44:24-07:00,,42,6f6996153061e58aa86a80e54d0fd0f6ba3feaf08830f3d329aed7670cda4d80,approved_active
14615HLXD512Y,IL_14615HLXD512Y,VIRAL Home Gadgets,See all,https://www.amazon.com/shop/thehillarystyle/list/14615HLXD512Y,yes,2026-08-04T12:43:18-07:00,2026-08-04T14:44:29-07:00,,40,a0ca53be6fa77218e1539e3b9ddc0bbdf1ae0a694268b81138dca73ee0a91aa1,approved_active
15NDDXZ7X0955,IL_15NDDXZ7X0955,RESORT WEAR FASHION,RESORT WEAR FASHION,https://www.amazon.com/shop/thehillarystyle/list/15NDDXZ7X0955,yes,2026-08-04T18:39:33+00:00,2026-08-04T14:44:35-07:00,2026-08-04T12:43:50-07:00,42,68a3794b48a4b23313ff4d492a071fafb34f63f382d0a443af85696a3a969699,approved_active
16F1ZOLGB573M,IL_16F1ZOLGB573M,PRESCHOOL LITTLES,See all,https://www.amazon.com/shop/thehillarystyle/list/16F1ZOLGB573M,yes,2026-08-04T12:43:18-07:00,2026-08-04T14:44:40-07:00,,42,578b25ad18d67a2204d04811dbcccbbfd703888964e04988790a4f42d8e4b737,approved_active
174AROJG7VER7,IL_174AROJG7VER7,BEAUTY MUST-HAVES,AGING BACKWARDS AT 48,https://www.amazon.com/shop/thehillarystyle/list/174AROJG7VER7,yes,2026-08-04T18:39:33+00:00,2026-08-04T14:44:45-07:00,2026-08-04T12:43:55-07:00,40,f8eaa751e1d25ddf1868b0c3752871bc6e06f6d9be426389b81f37abd82e0414,approved_active
17ITIHGPTINHX,IL_17ITIHGPTINHX,MEMORIAL DAY SALE FOLLOWER FAVORITES,See all,https://www.amazon.com/shop/thehillarystyle/list/17ITIHGPTINHX,yes,2026-08-04T12:43:18-07:00,2026-08-04T14:44:51-07:00,,41,c7e5f33040afcf83f13dd153917a026fec0504f953e5b76d17de5825012e97b4,approved_active
17SP6THMUJN6E,IL_17SP6THMUJN6E,TOP 50 BEAUTY,EARLY PRIME BEAUTY,https://www.amazon.com/shop/thehillarystyle/list/17SP6THMUJN6E,yes,2026-08-04T18:39:33+00:00,2026-08-04T14:44:56-07:00,2026-08-04T12:44:00-07:00,41,73b7ec5686a165d3f7bb71e1b1003db37395c0d0a418ac1732291b0fcf0b3df6,approved_active
181FEP0C2U0RU,IL_181FEP0C2U0RU,APRIL Best Sellers,See all,https://www.amazon.com/shop/thehillarystyle/list/181FEP0C2U0RU,yes,2026-08-04T12:43:18-07:00,2026-08-04T14:45:01-07:00,,42,aa3133913742d98f1d23602015671e1ff0e3a2627bcc7b4595077dd1eb393ad7,approved_active
18H5BP5V6EGYM,IL_18H5BP5V6EGYM,BEDS. DRESSERS. NIGHTSTANDS.,See all,https://www.amazon.com/shop/thehillarystyle/list/18H5BP5V6EGYM,yes,2026-08-04T12:43:18-07:00,2026-08-04T14:45:07-07:00,,40,693a55843c6a0a18ac58f2f0a20c359e983142759e720603d31e528da09b3bdb,approved_active
18JLLR8E7X2KU,IL_18JLLR8E7X2KU,MY HOLIDAY Home,MY HOLIDAY Home 44 Items,https://www.amazon.com/shop/thehillarystyle/list/18JLLR8E7X2KU,yes,2026-08-04T12:43:18-07:00,2026-08-04T14:40:43-07:00,2026-08-04T14:40:43-07:00,26,00a63041c3ea7b667658bc9fb8826d2fd9c6fa60aa15cd185dff89e65e60dc47,approved_active
1BKDYBCCXK5YE,IL_1BKDYBCCXK5YE,CARTS DON'T LIE — These were May's biggest hits.,See all,https://www.amazon.com/shop/thehillarystyle/list/1BKDYBCCXK5YE,yes,2026-08-04T12:43:18-07:00,2026-08-04T14:35:28-07:00,,40,d8b89051a1eaea13b31ebe60bc65f52b7143312bb44bce83154168b1eb3bf7c9,approved_active
1DUCBV6BSXOJF,IL_1DUCBV6BSXOJF,DORM ROOM ESSENTIALS,DORM/BACK TO SCHOOL,https://www.amazon.com/shop/thehillarystyle/list/1DUCBV6BSXOJF,yes,2026-08-04T18:39:33+00:00,2026-08-04T14:45:12-07:00,2026-08-04T12:44:06-07:00,42,aac43e531f0b6b28c9079d88a3b4801517fd1c5ab95432f4403d04a7b6b4c832,approved_active
1DXRHB098MRMA,IL_1DXRHB098MRMA,JOCELYN'S Space,See all,https://www.amazon.com/shop/thehillarystyle/list/1DXRHB098MRMA,yes,2026-08-04T12:43:18-07:00,2026-08-04T14:45:18-07:00,,32,d66d13a8f1375f18b5546c3edcf45a65c218d7e1cf762a7020f279d20a1894cc,approved_active
1E7EHNK9QTVEH,IL_1E7EHNK9QTVEH,TOP OCTOBER DEALS,See all,https://www.amazon.com/shop/thehillarystyle/list/1E7EHNK9QTVEH,yes,2026-08-04T12:43:18-07:00,2026-08-04T14:45:23-07:00,,42,0591fd78b4ff9b018db47a9f49bcc9ac2f8400f27ad34338438c16015c079f59,approved_active
1GS6BISWIK7UN,IL_1GS6BISWIK7UN,OVER 40 & Fabulous HILLARY'S Capsule WARDROBE - Effortless & Chic,OVER 40 & FABULOUS,https://www.amazon.com/shop/thehillarystyle/list/1GS6BISWIK7UN,yes,2026-08-04T18:39:33+00:00,2026-08-04T14:45:28-07:00,2026-08-04T12:44:11-07:00,42,c55ccdb7e210a71a079a63022e6037697430b53bd9d105c6b45add45e7cb0c93,approved_active
1HHMN64HEUPU9,IL_1HHMN64HEUPU9,THE DRESS SHOPPE - From BRUNCH to BLACK TIE,THE DRESS SHOPPE,https://www.amazon.com/shop/thehillarystyle/list/1HHMN64HEUPU9,yes,2026-08-04T18:39:33+00:00,2026-08-04T14:45:33-07:00,2026-08-04T14:45:33-07:00,42,44505587570be69f7fca57206b5c44df9bc8c79d43267e6ed2b2a4db662706ce,approved_active
1HZQPC6SSAHFG,IL_1HZQPC6SSAHFG,WALL DECOR - MIRRORS. ART. FRAMES.,See all,https://www.amazon.com/shop/thehillarystyle/list/1HZQPC6SSAHFG,yes,2026-08-04T12:43:18-07:00,2026-08-04T14:45:39-07:00,,39,1ecd7b3e9419b6e28231be069974af2f6cccb9bf1a7e24f61860992780d85f84,approved_active
1I8FQ5LPJG30D,IL_1I8FQ5LPJG30D,TWEEN & TEEN - GIFT GUIDE,See all,https://www.amazon.com/shop/thehillarystyle/list/1I8FQ5LPJG30D,yes,2026-08-04T12:43:18-07:00,2026-08-04T14:45:45-07:00,,42,aa52c9d4bbbb2b992b496da4491a28cca9af378bd0f8d0e9fc8e8fba5413ada2,approved_active
1LFWTJH9UBPKU,IL_1LFWTJH9UBPKU,BEDDING. PILLOWS. THROWS. TOWELS.,BEDDING. PILLOWS. THROWS. TOWELS. 97 Items,https://www.amazon.com/shop/thehillarystyle/list/1LFWTJH9UBPKU,yes,2026-08-04T12:43:18-07:00,2026-08-04T14:34:41-07:00,,42,dc2bc569fe7da2d361249ef01a2b8d24e9afccd6c438be0a9731c0a08d2c760a,approved_active
1LKQL9NF315YS,IL_1LKQL9NF315YS,HOLIDAY COLOR CRUSHES 2025,See all,https://www.amazon.com/shop/thehillarystyle/list/1LKQL9NF315YS,yes,2026-08-04T12:43:18-07:00,2026-08-04T14:45:50-07:00,,41,d7388c16c41c5a0db31f91e24d8257765889ba7e7ba83b09dbef263b58932159,approved_active
1LVS8EBYWIS2J,IL_1LVS8EBYWIS2J,TECH ESSENTIALS,See all,https://www.amazon.com/shop/thehillarystyle/list/1LVS8EBYWIS2J,yes,2026-08-04T12:43:18-07:00,2026-08-04T14:45:56-07:00,,40,84cc4561e8d385bfa26ccf29d8bb880b8b188255d838ad5d27aa171bf7988a59,approved_active
1MB9961G83COM,IL_1MB9961G83COM,FEBRUARY Best Sellers,See all,https://www.amazon.com/shop/thehillarystyle/list/1MB9961G83COM,yes,2026-08-04T12:43:18-07:00,2026-08-04T14:46:02-07:00,,42,e0e9a16c81ba681d8cdaa66655b15929761e01a0127a1e957181b2923c0bdf0b,approved_active
1MKYF1CAY9E8G,IL_1MKYF1CAY9E8G,PANTRY Organization,See all,https://www.amazon.com/shop/thehillarystyle/list/1MKYF1CAY9E8G,yes,2026-08-04T12:43:18-07:00,2026-08-04T14:46:07-07:00,,29,7539cfcd199f3891eb4912c41f754d67ba04554ddad7de8ddc9b09d71fe58620,approved_active
1NFO0QLH5HS6Y,IL_1NFO0QLH5HS6Y,COFFEE TABLE BOOKS,See all,https://www.amazon.com/shop/thehillarystyle/list/1NFO0QLH5HS6Y,yes,2026-08-04T12:43:18-07:00,2026-08-04T14:46:13-07:00,,39,b639e0fef4299c33620791c78c98540063a4f45762a129d28d293ef1c7040662,approved_active
1NR6N43OIR93A,IL_1NR6N43OIR93A,UNBOXING,UNBOXING 32 Items,https://www.amazon.com/shop/thehillarystyle/list/1NR6N43OIR93A,yes,2026-08-04T12:43:18-07:00,2026-08-04T14:46:18-07:00,,42,b05c763d2863b49a13dd84138ec30f88ab5111da3b10a6d8bf6487af12d55c3e,approved_active
1NSB6B4CK6NM1,IL_1NSB6B4CK6NM1,48 Yr Old Mom of 5 - What I am OBSESSED over!,See all,https://www.amazon.com/shop/thehillarystyle/list/1NSB6B4CK6NM1,yes,2026-08-04T12:43:18-07:00,2026-08-04T14:46:23-07:00,,41,0e0e9e09653260a2cd7bbabce62266a5d685476dc1fc2ed381da5c6e2245f0b7,approved_active
1OH1TVBZ3L337,IL_1OH1TVBZ3L337,LAST MINUTE GIFTS,LAST MINUTE GIFTS 192 Items,https://www.amazon.com/shop/thehillarystyle/list/1OH1TVBZ3L337,yes,2026-08-04T12:43:18-07:00,2026-08-04T14:40:12-07:00,,40,6a79230c4b588edf6d6e6e76422cec9e45ca22d984ffa74f2957767c15e2ce67,approved_active
1Q6KH53S4CVWD,IL_1Q6KH53S4CVWD,HOLIDAY BEST SELLERS,See all,https://www.amazon.com/shop/thehillarystyle/list/1Q6KH53S4CVWD,yes,2026-08-04T12:43:18-07:00,2026-08-04T14:39:23-07:00,,31,ac679eb00d76ed52a842621f99f746257349eb77dca3957ac6e70ed7fbe69861,approved_active
1QMBJFJU34FUR,IL_1QMBJFJU34FUR,NEW HOME FINDS,See all,https://www.amazon.com/shop/thehillarystyle/list/1QMBJFJU34FUR,yes,2026-08-04T12:43:18-07:00,2026-08-04T14:46:29-07:00,,42,2ddbe671f9df64cc495da38edaae7110b77003a9b91a83f8f6069a51e6ba8d1b,approved_active
1QMQ9WWH79VRL,IL_1QMQ9WWH79VRL,BED & BATH FINDS,See all,https://www.amazon.com/shop/thehillarystyle/list/1QMQ9WWH79VRL,yes,2026-08-04T12:43:18-07:00,2026-08-04T14:46:34-07:00,,39,723da0a634e1bf6624cba43fc94b832ce99d36a8cbe32bc824b3a480ce5e5112,approved_active
1R4YIGU257W50,IL_1R4YIGU257W50,CLOSET Organizing,See all,https://www.amazon.com/shop/thehillarystyle/list/1R4YIGU257W50,yes,2026-08-04T12:43:18-07:00,2026-08-04T14:47:34-07:00,,42,beff74d82787f62edfb83c9ad8fcf219d105a116e3d59ac9646be08f104d1184,approved_active
1RA73GK94YR1G,IL_1RA73GK94YR1G,Our REMODEL HOME,Our REMODEL HOME 99 Items,https://www.amazon.com/shop/thehillarystyle/list/1RA73GK94YR1G,yes,2026-08-04T12:43:18-07:00,2026-08-04T14:47:40-07:00,,42,f8814c7c2718cc0b4157a57db54b7a4985015e32ba8971741586fb6319985f74,approved_active
1SLNDA7361JAR,IL_1SLNDA7361JAR,The STYLE EDIT - HOTTEST finds RIGHT NOW!,CREATOR CONNECTIONS HOTTEST FINDS RIGHT NOW,https://www.amazon.com/shop/thehillarystyle/list/1SLNDA7361JAR,yes,2026-08-04T18:39:33+00:00,2026-08-04T14:47:45-07:00,2026-08-04T12:44:21-07:00,41,f38cbe626b45f8eeb510d7adf54116124d8df00eb8496c45c76dff68c761b064,approved_active
1UGCFJJRVROLC,IL_1UGCFJJRVROLC,Amazon Furniture in Our Home,See all,https://www.amazon.com/shop/thehillarystyle/list/1UGCFJJRVROLC,yes,2026-08-04T12:43:18-07:00,2026-08-04T14:47:51-07:00,,30,b17aa2e4569668087ba2495c7d5cea614ab888b3b729f6b44791ff5c3e95589c,approved_active
1XPGUL8BC81KW,IL_1XPGUL8BC81KW,Hillary's NEWEST Finds,See all,https://www.amazon.com/shop/thehillarystyle/list/1XPGUL8BC81KW,yes,2026-08-04T12:43:18-07:00,2026-08-04T14:39:18-07:00,,41,f118cd1821ab2cab28ce384304ce94fd2e6085cb128e86f2cdb1ef2f51531ae2,approved_active
1YYODGJOLLLRT,IL_1YYODGJOLLLRT,BARCART,BARCART 26 Items,https://www.amazon.com/shop/thehillarystyle/list/1YYODGJOLLLRT,yes,2026-08-04T12:43:18-07:00,2026-08-04T14:34:30-07:00,,36,5d88fe316b0b922fcf41f76f9edeee52977320ebd926b3b3639b0bd4b2b85466,approved_active
20274194WU668,IL_20274194WU668,STOCKING STUFFERS,See all,https://www.amazon.com/shop/thehillarystyle/list/20274194WU668,yes,2026-08-04T12:43:18-07:00,2026-08-04T14:47:56-07:00,,42,67aca38c09d849f6a2525912113c538ed6dfa41bb567c92eb2695e67be845f68,approved_active
202RY6J21JOG9,IL_202RY6J21JOG9,AMAZING NEW Home Finds,See all,https://www.amazon.com/shop/thehillarystyle/list/202RY6J21JOG9,yes,2026-08-04T12:43:18-07:00,2026-08-04T14:48:02-07:00,,25,d8a5a47bc48a95e1b30d94ebc48b09b7c0878c09f96691ca39625668f9a85186,approved_active
20ODL7UVO85YK,IL_20ODL7UVO85YK,ELEVATED SWIMWEAR,ELEVATED SWIMWEAR,https://www.amazon.com/shop/thehillarystyle/list/20ODL7UVO85YK,yes,2026-08-04T18:39:33+00:00,2026-08-04T14:48:07-07:00,2026-08-04T12:44:26-07:00,42,e376b5f58ef0276fa2061e7bf98602b1c4d8822f922cd6bf97fc4eef2a2a6a2e,approved_active
20Q0HRFOLM3K2,IL_20Q0HRFOLM3K2,DATE NIGHT FASHION,DATE NIGHT,https://www.amazon.com/shop/thehillarystyle/list/20Q0HRFOLM3K2,yes,2026-08-04T18:39:33+00:00,2026-08-04T14:35:39-07:00,2026-08-04T12:44:32-07:00,42,22971de29e5a7fb5b9e9a2e04ced1264251fa04e10df0c43862be083035cf4d2,approved_active
21CU9PVXLTL6P,IL_21CU9PVXLTL6P,SHOP The Hillary Style,See all,https://www.amazon.com/shop/thehillarystyle/list/21CU9PVXLTL6P,yes,2026-08-04T12:43:18-07:00,2026-08-04T14:48:13-07:00,,42,6f316893c477582167df18b2ba3c47d6e3c328482821587b150b9fceee3638c0,approved_active
21IKKXKZPGWVW,IL_21IKKXKZPGWVW,OUR Rental,OUR Rental 7 Items,https://www.amazon.com/shop/thehillarystyle/list/21IKKXKZPGWVW,yes,2026-08-04T12:43:18-07:00,2026-08-04T14:42:11-07:00,,17,67a58ee125953b40e1a30bdf24af85952571fca1eb4ff0148b74a23369565d2d,approved_active
21MLRQOMMKCFI,IL_21MLRQOMMKCFI,LUXE Holiday Home,LUXE Holiday Home 58 Items,https://www.amazon.com/shop/thehillarystyle/list/21MLRQOMMKCFI,yes,2026-08-04T12:43:18-07:00,2026-08-04T14:40:17-07:00,,42,ddc094dce2c27356042a4068c14bc79bd98daf9f330d28a67b5fd6e0c47ce75d,approved_active
21T7CCUQI2DH5,IL_21T7CCUQI2DH5,ELEVATED Bathroom Must-Haves,ELEVATED Bathroom Must-Haves 31 Items,https://www.amazon.com/shop/thehillarystyle/list/21T7CCUQI2DH5,yes,2026-08-04T12:43:18-07:00,2026-08-04T14:35:55-07:00,,40,e3fa7826cfe8f8e39b73edc5e99213b5321a1fc562ba99693d10143b707bf135,approved_active
222ENLE1WDY2M,IL_222ENLE1WDY2M,Spring Obsessed,See all,https://www.amazon.com/shop/thehillarystyle/list/222ENLE1WDY2M,yes,2026-08-04T12:43:18-07:00,2026-08-04T14:56:59-07:00,,42,211191fa70aca14361ea958e51f62c0f7c0b92edec7b63f3dc79860d9835caed,approved_active
22L0SLOF07ITQ,IL_22L0SLOF07ITQ,For the Big Kids,For the Big Kids 38 Items,https://www.amazon.com/shop/thehillarystyle/list/22L0SLOF07ITQ,yes,2026-08-04T12:43:18-07:00,2026-08-04T14:48:18-07:00,,40,b6ae4c22cb137d88f2e66b85b0782f41f6a811d5cf16dd49cfbe8aa4296e2351,approved_active
23YO2PO28IXV,IL_23YO2PO28IXV,MUST-HAVE HOSTING,MUST-HAVE HOSTING 14 Items,https://www.amazon.com/shop/thehillarystyle/list/23YO2PO28IXV,yes,2026-08-04T12:43:18-07:00,2026-08-04T14:40:38-07:00,,24,6cc2704d7c68e288f2c6c38fb37b45dcc302e1aa1d3996ff8ba370dda071904b,approved_active
24ASC2W86JF33,IL_24ASC2W86JF33,TRAVEL,See all,https://www.amazon.com/shop/thehillarystyle/list/24ASC2W86JF33,yes,2026-08-04T12:43:18-07:00,2026-08-04T14:48:24-07:00,,42,d5308d5812216908eca9f7b09cecbc7037fdf491141dac7e2b792eb67b2892b7,approved_active
26IY6FNENQC7M,IL_26IY6FNENQC7M,FOR HIM - GIFT GUIDE,FOR HIM - GIFT GUIDE 291 Items,https://www.amazon.com/shop/thehillarystyle/list/26IY6FNENQC7M,yes,2026-08-04T12:43:18-07:00,2026-08-04T14:38:29-07:00,,41,709c11054256bd784bc887572479fde9699a2fe870dc801f780b33dcbbf73c65,approved_active
270Y6RLSPP10V,IL_270Y6RLSPP10V,Outdoor PLANTERS,Outdoor PLANTERS 45 Items,https://www.amazon.com/shop/thehillarystyle/list/270Y6RLSPP10V,yes,2026-08-04T12:43:18-07:00,2026-08-04T14:42:22-07:00,,42,61d7c49e08ab8ca629485d32f4675e34c43606f31853ae39a6527980d6cf2ee2,approved_active
27BIT6UUHQ198,IL_27BIT6UUHQ198,LUXE JEWELRY & ACCESSORIES,LUXE JEWELRY AND ACCESSORIES,https://www.amazon.com/shop/thehillarystyle/list/27BIT6UUHQ198,yes,2026-08-04T18:39:33+00:00,2026-08-04T14:48:29-07:00,2026-08-04T12:44:37-07:00,42,9791d69ce6a1ab9f204347d3e7975a2a46ef4498d41a316f8d1192fb93047315,approved_active
27L1ENCS6OMON,IL_27L1ENCS6OMON,LAUNDRY Room Essentials,See all,https://www.amazon.com/shop/thehillarystyle/list/27L1ENCS6OMON,yes,2026-08-04T12:43:18-07:00,2026-08-04T14:48:34-07:00,,42,69273e8850c5a4670384c4e4902e1a732208fc3b232de78354bdc3d3fb6fa411,approved_active
27VCDHN1568QK,IL_27VCDHN1568QK,ORGANIZING Essentials,See all,https://www.amazon.com/shop/thehillarystyle/list/27VCDHN1568QK,yes,2026-08-04T12:43:18-07:00,2026-08-04T14:42:06-07:00,,42,33cfa64614c02cf33db5c4a442f835c3f163f7b1a85d14fae226d5c3c6b6c7ea,approved_active
286Q78OJSYZO8,IL_286Q78OJSYZO8,KITCHEN Essentials,See all,https://www.amazon.com/shop/thehillarystyle/list/286Q78OJSYZO8,yes,2026-08-04T12:43:18-07:00,2026-08-04T14:48:40-07:00,,42,cdd7ac079c3605fc5815e6eebc5d64c55467db395389b6f2d0d09039573d87c9,approved_active
28Z72BVY6B71P,IL_28Z72BVY6B71P,LAMPS,See all,https://www.amazon.com/shop/thehillarystyle/list/28Z72BVY6B71P,yes,2026-08-04T12:43:18-07:00,2026-08-04T14:48:45-07:00,,41,d024f96fa3b09ea48badf0caf9c887c705f5280faeedd8f51dec9726b71af1d5,approved_active
2969EJ7F6BLI8,IL_2969EJ7F6BLI8,NIGHTSTAND Essentials,See all,https://www.amazon.com/shop/thehillarystyle/list/2969EJ7F6BLI8,yes,2026-08-04T12:43:18-07:00,2026-08-04T14:48:51-07:00,,27,3224a808d77c08d58bb0c730052fbb1f2c5371dc8e7d2b563c3e5a5567160e11,approved_active
29FTLXCTPVP41,IL_29FTLXCTPVP41,HILLARY'S BEACH Bag Essentials,See all,https://www.amazon.com/shop/thehillarystyle/list/29FTLXCTPVP41,yes,2026-08-04T12:43:18-07:00,2026-08-04T14:48:56-07:00,,40,2211aa3c8eb8e55ff7422b382f3c3f566de25e0db59fd710bda437471da374ce,approved_active
2ABZ85AO7D848,IL_2ABZ85AO7D848,Furniture Mover REEL,Furniture Mover REEL 7 Items,https://www.amazon.com/shop/thehillarystyle/list/2ABZ85AO7D848,yes,2026-08-04T12:43:18-07:00,2026-08-04T14:38:50-07:00,,17,16b96a2265bfbddd0834f69ae9a15b7367a93031cf1683b84a5ef5332e13a9ac,approved_active
2B46UO4I7XY3G,IL_2B46UO4I7XY3G,KITCHEN Organizing,See all,https://www.amazon.com/shop/thehillarystyle/list/2B46UO4I7XY3G,yes,2026-08-04T12:43:18-07:00,2026-08-04T14:49:02-07:00,,42,e52fb851ac68e6bfb274ba8f76a33159e3d3df59c3037ed15e424305702a2c4a,approved_active
2C66SA5TXKNJK,IL_2C66SA5TXKNJK,For the Hostess - GIFT GUIDE,For the Hostess - GIFT GUIDE 86 Items,https://www.amazon.com/shop/thehillarystyle/list/2C66SA5TXKNJK,yes,2026-08-04T12:43:18-07:00,2026-08-04T14:38:34-07:00,,42,3b9682d3ed9e96070a29b1fc3ca2f8b921684de33ac20dc47d6ea1906d3f6680,approved_active
2DHFOQ3A1Q5U2,IL_2DHFOQ3A1Q5U2,NEW Arrivals,See all,https://www.amazon.com/shop/thehillarystyle/list/2DHFOQ3A1Q5U2,yes,2026-08-04T12:43:18-07:00,2026-08-04T14:49:07-07:00,,42,0f1824a21ac482e8f8113879861eaceddd585ccdaa5f84a707acbbe7c283712b,approved_active
2DVQFMB8O8SDC,IL_2DVQFMB8O8SDC,TOP 100 HOME PICKS,PRIME DAY HOME,https://www.amazon.com/shop/thehillarystyle/list/2DVQFMB8O8SDC,yes,2026-08-04T18:39:33+00:00,2026-08-04T14:49:12-07:00,2026-08-04T12:44:42-07:00,42,16a93e821f12c724684bd24f7c13ad641b763251bb4c83b6e6fff95f7d8c0a7a,approved_active
2EHNEZELPW5NA,IL_2EHNEZELPW5NA,AFFORDABLE DECOR,See all,https://www.amazon.com/shop/thehillarystyle/list/2EHNEZELPW5NA,yes,2026-08-04T12:43:18-07:00,2026-08-04T14:49:18-07:00,,42,132610b6cb05bc21d383670bc5126b10a65342110c2ec7ab2f4bfae6c0fa260d,approved_active
2GHS9RLET14RQ,IL_2GHS9RLET14RQ,ENTERTAINING Essentials,ENTERTAINING Essentials 85 Items,https://www.amazon.com/shop/thehillarystyle/list/2GHS9RLET14RQ,yes,2026-08-04T12:43:18-07:00,2026-08-04T14:36:20-07:00,,42,cfec099c6dd02d2f6568f491e70cb530a4a09659464a2f866f0c389d6faeeac0,approved_active
2GR0M7LHWL1O,IL_2GR0M7LHWL1O,CHIC WITHOUT THE SPLURGE TRAVEL,TRAVEL FASHION,https://www.amazon.com/shop/thehillarystyle/list/2GR0M7LHWL1O,yes,2026-08-04T18:39:33+00:00,2026-08-04T14:49:24-07:00,2026-08-04T12:44:48-07:00,42,55abb52c7d8a5a4dfce687fded89f9f0aa061a4601f056bb20e605d6045a9c9b,approved_active
2HG2TBY26H9IW,IL_2HG2TBY26H9IW,BEDROOM STYLE,See all,https://www.amazon.com/shop/thehillarystyle/list/2HG2TBY26H9IW,yes,2026-08-04T12:43:18-07:00,2026-08-04T14:49:29-07:00,,42,080e138678a1a83acbbcef29276a17678f2f69e1f30e35655d75d94f64a62f7d,approved_active
2I5A3XFI29113,IL_2I5A3XFI29113,RESTORATION VIBES,See all,https://www.amazon.com/shop/thehillarystyle/list/2I5A3XFI29113,yes,2026-08-04T12:43:18-07:00,2026-08-04T14:42:37-07:00,,42,476fe335260a84c0fe7e12816d7337513ae1fecef45f6c0e69537e522de9d18b,approved_active
2KYYGUEXPAOKJ,IL_2KYYGUEXPAOKJ,January Best Sellers 2,See all,https://www.amazon.com/shop/thehillarystyle/list/2KYYGUEXPAOKJ,yes,2026-08-04T12:43:18-07:00,2026-08-04T14:39:50-07:00,,41,12c3b39c1925047bfcc62b20b242999fd212a4fd7620b0b44c5dd89a727183ad,approved_active
2LWBTUXIDQYKM,IL_2LWBTUXIDQYKM,TOP 100 PRIME FASHION DEALS,EARLY PRIME FASHION,https://www.amazon.com/shop/thehillarystyle/list/2LWBTUXIDQYKM,yes,2026-08-04T18:39:33+00:00,2026-08-04T14:49:35-07:00,2026-08-04T12:44:53-07:00,42,8a7e367dd8ae60b291291b745b7b62b8cdb2e1ee1bb99332ad16a0a7a1b94c70,approved_active
2N8O18PX5PHA3,IL_2N8O18PX5PHA3,RUGS,See all,https://www.amazon.com/shop/thehillarystyle/list/2N8O18PX5PHA3,yes,2026-08-04T12:43:18-07:00,2026-08-04T14:49:41-07:00,,42,adb91e74256d341765b321d632a67550a88a3b4c00e53eb6f9b992681e116c4d,approved_active
2NDA05KNMQH4,IL_2NDA05KNMQH4,AUTUMN Vibes,See all,https://www.amazon.com/shop/thehillarystyle/list/2NDA05KNMQH4,yes,2026-08-04T12:43:18-07:00,2026-08-04T14:49:46-07:00,,42,0fabff942c44c4001548fd39e391ae38686f788b1de1dae7ee56c5348e9cbe11,approved_active
2OL0SY0HD6BBS,IL_2OL0SY0HD6BBS,HOLIDAY EVENING Looks,See all,https://www.amazon.com/shop/thehillarystyle/list/2OL0SY0HD6BBS,yes,2026-08-04T12:43:18-07:00,2026-08-04T14:49:51-07:00,,42,344826107fee1fa5ee83dfd04a90dfab55895aef84cffd512b55f87e8ab23ead,approved_active
2P1RVZSE8RCAZ,IL_2P1RVZSE8RCAZ,NO DRILL Home Improvement,NO DRILL Home Improvement 22 Items,https://www.amazon.com/shop/thehillarystyle/list/2P1RVZSE8RCAZ,yes,2026-08-04T12:43:18-07:00,2026-08-04T14:42:00-07:00,,32,16134e06d1ddf134755f05c190c1ba4876b6736642f21e9f3a2f8c99ab1b4d54,approved_active
2PQNIB7PVLPT1,IL_2PQNIB7PVLPT1,DECEMBER Best Sellers,DECEMBER Best Sellers 376 Items,https://www.amazon.com/shop/thehillarystyle/list/2PQNIB7PVLPT1,yes,2026-08-04T12:43:18-07:00,2026-08-04T14:35:44-07:00,,40,a01ccc9470928a8b3174fc6824eb664f493058d97d7f240013c9f709234b1bc9,approved_active
2Q5678F6BP61R,IL_2Q5678F6BP61R,JUNE TOP PICKS,JUNE BEST SELLERS/TOP PICKS,https://www.amazon.com/shop/thehillarystyle/list/2Q5678F6BP61R,yes,2026-08-04T18:39:33+00:00,2026-08-04T14:49:57-07:00,2026-08-04T12:43:39-07:00,42,6da5151640040a6d4e212fd9b441056b0a8cfc1305ccba37b797fddf2fa618ea,approved_active
2Q8H0EUR30UN9,IL_2Q8H0EUR30UN9,CABINETS. SIDEBOARDS. BUFFETS. CONSOLES.,CABINETS. SIDEBOARDS. BUFFETS. CONSOLES. 375 Items,https://www.amazon.com/shop/thehillarystyle/list/2Q8H0EUR30UN9,yes,2026-08-04T12:43:18-07:00,2026-08-04T14:50:02-07:00,,37,59353c2529818573fd771e5c4750b490a5686df71b2ae3f7c21f7a088b584334,approved_active
2RA331651DDK8,IL_2RA331651DDK8,TABLETOP MUST-HAVES,See all,https://www.amazon.com/shop/thehillarystyle/list/2RA331651DDK8,yes,2026-08-04T12:43:18-07:00,2026-08-04T14:50:07-07:00,,42,763358fe77c593e5070e81ae24375cbefb08c09fb4dcbfad8cb2f496bc3bf73d,approved_active
2RDBP13815B8R,IL_2RDBP13815B8R,COFFEE TABLES. SIDE TABLES. ACCENT TABLES,See all,https://www.amazon.com/shop/thehillarystyle/list/2RDBP13815B8R,yes,2026-08-04T12:43:18-07:00,2026-08-04T14:50:13-07:00,,42,385f5688ebad690371225f43ff1d6e7daff9da3e55a1d2b9f52de2d79ec60998,approved_active
2V2HL7TFY8QE8,IL_2V2HL7TFY8QE8,The Hillary Style Holiday,The Hillary Style Holiday 115 Items,https://www.amazon.com/shop/thehillarystyle/list/2V2HL7TFY8QE8,yes,2026-08-04T12:43:18-07:00,2026-08-04T14:57:04-07:00,,42,3e93f002cc60ff45034d817a6dbd057b1c4d1358e767606c100de5b5b770af7a,approved_active
2V4ZM0XXYOP34,IL_2V4ZM0XXYOP34,HOME DECOR,See all,https://www.amazon.com/shop/thehillarystyle/list/2V4ZM0XXYOP34,yes,2026-08-04T12:43:18-07:00,2026-08-04T14:50:18-07:00,,42,6ae935e052746ffb5c3f93a71e95846ce1ed0d72494e31f7d58196e1365494c5,approved_active
2V9Q1BLJC4BNW,IL_2V9Q1BLJC4BNW,FURNITURE In Our Home,FURNITURE In Our Home 15 Items,https://www.amazon.com/shop/thehillarystyle/list/2V9Q1BLJC4BNW,yes,2026-08-04T12:43:18-07:00,2026-08-04T14:38:45-07:00,,25,76dd4430056deefccfade67da226454e5e894823bde2deffe9c8155542f68dc4,approved_active
2WRZJHHWAS214,IL_2WRZJHHWAS214,FAUX & DRIED FLORALS,FAUX & DRIED FLORALS 38 Items,https://www.amazon.com/shop/thehillarystyle/list/2WRZJHHWAS214,yes,2026-08-04T12:43:18-07:00,2026-08-04T14:36:36-07:00,,42,22bca006434aadd7056fc0a897906d4c4ac8019b687eb0490665b1bc72fb8d8f,approved_active
2YQAXQUJ2H8KY,IL_2YQAXQUJ2H8KY,VASES. TRAYS. BOXES.,See all,https://www.amazon.com/shop/thehillarystyle/list/2YQAXQUJ2H8KY,yes,2026-08-04T12:43:18-07:00,2026-08-04T14:50:24-07:00,,42,635e321b2b1b20239679cca093b3ea8aa52fe49e30ba4be6cc99498b3e4d4b6a,approved_active
2Z5U0A9S9OXF9,IL_2Z5U0A9S9OXF9,TOP NOVEMBER DEALS,See all,https://www.amazon.com/shop/thehillarystyle/list/2Z5U0A9S9OXF9,yes,2026-08-04T12:43:18-07:00,2026-08-04T14:57:09-07:00,,42,d1b5060f26ab45867d24b2ef13214b2e562b164b5b61ac5b27b6cbe6981c6eec,approved_active
30ZOK8YSQFY5N,IL_30ZOK8YSQFY5N,GIFTS UNDER $50,GIFTS UNDER $50 104 Items,https://www.amazon.com/shop/thehillarystyle/list/30ZOK8YSQFY5N,yes,2026-08-04T12:43:18-07:00,2026-08-04T14:39:07-07:00,,41,cb27e29336d0e923c4d016b0be55843b8efa12334a118de088016749cc33494a,approved_active
310DHOAQUC0DH,IL_310DHOAQUC0DH,QUIET LUXURY/OLD MONEY,QUIET LUXURY/OLD MONEY,https://www.amazon.com/shop/thehillarystyle/list/310DHOAQUC0DH,yes,2026-08-04T18:39:33+00:00,2026-08-04T14:50:29-07:00,2026-08-04T12:44:58-07:00,42,14bd4b9370858f50878f578be115f8e653a7c4d5b2c22b2358bb93d9ce170c22,approved_active
311VGYMV97O78,IL_311VGYMV97O78,POWDER BATH,POWDER BATH 8 Items,https://www.amazon.com/shop/thehillarystyle/list/311VGYMV97O78,yes,2026-08-04T12:43:18-07:00,2026-08-04T14:42:32-07:00,,18,f754c511ad21319d136fd5516a1663e58c8434117195b462ce618ca3cb0381b7,approved_active
31KXTI157WXNV,IL_31KXTI157WXNV,HOME OFFICE Essentials,HOME OFFICE Essentials 18 Items,https://www.amazon.com/shop/thehillarystyle/list/31KXTI157WXNV,yes,2026-08-04T12:43:18-07:00,2026-08-04T14:39:33-07:00,,28,c234c830ec73154f6a0d5d586d5621b21332ca7fd93205911ddd4b3b87c899f4,approved_active
31LARMS9JHPGT,IL_31LARMS9JHPGT,ATHEISURE,ATHEISURE 50 Items,https://www.amazon.com/shop/thehillarystyle/list/31LARMS9JHPGT,yes,2026-08-04T12:43:18-07:00,2026-08-04T14:50:35-07:00,,42,69fec36f03092e895db74746509bc29c51673271b5159eb85d38aeedbe3de639,approved_active
31R6EZ6S1ERJH,IL_31R6EZ6S1ERJH,FRONT PORCH,FRONT PORCH 13 Items,https://www.amazon.com/shop/thehillarystyle/list/31R6EZ6S1ERJH,yes,2026-08-04T12:43:18-07:00,2026-08-04T14:38:40-07:00,,23,b0e72c0f8e5e5e675a35eb15107bed05896f54e05c4002374596a2c94bf6e2d4,approved_active
32JT2D5T30E4J,IL_32JT2D5T30E4J,BURGUNDY CRUSH,BURGUNDY CRUSH 50 Items,https://www.amazon.com/shop/thehillarystyle/list/32JT2D5T30E4J,yes,2026-08-04T12:43:18-07:00,2026-08-04T14:34:57-07:00,,42,e12077bb5a9b265056aab156cdb3bbaff60983efcd19d89f9084ce656f591273,approved_active
32M44I5BF0O0R,IL_32M44I5BF0O0R,MORE NEW FINDS,See all,https://www.amazon.com/shop/thehillarystyle/list/32M44I5BF0O0R,yes,2026-08-04T12:43:18-07:00,2026-08-04T14:40:33-07:00,,42,aebbbdfe91f93058d6444212cfdb4338087f5e1b746cf24e65c546bc177861ad,approved_active
32NJAOW4JT5JB,IL_32NJAOW4JT5JB,CYBER HOLIDAY,See all,https://www.amazon.com/shop/thehillarystyle/list/32NJAOW4JT5JB,yes,2026-08-04T12:43:18-07:00,2026-08-04T14:50:40-07:00,,42,fa7ba20493b3e1408db324de502cf4186db2973fc6da3f30f7c35f7d85737b2c,approved_active
32TSU85USSAQZ,IL_32TSU85USSAQZ,RH STYLE - Looks like a SPLURGE,RH STYLE,https://www.amazon.com/shop/thehillarystyle/list/32TSU85USSAQZ,yes,2026-08-04T18:39:33+00:00,2026-08-04T14:43:55-07:00,2026-08-04T12:43:44-07:00,42,5c6acbe7d906a63da6bb594e6cb920925e0b2d198f9f0eada549d8d9c1129e64,approved_active
330I4A3SQ3ERE,IL_330I4A3SQ3ERE,TOP 100+ PRIME DEALS,PRIME DAY TOP 100,https://www.amazon.com/shop/thehillarystyle/list/330I4A3SQ3ERE,yes,2026-08-04T18:39:33+00:00,2026-08-04T14:50:45-07:00,2026-08-04T12:45:56-07:00,42,6c6c863a8030324480989191ab71ca87b5772595e0ac6d81b8877fb5a04dbfee,approved_active
33RG7LWDINUWO,IL_33RG7LWDINUWO,SPORT MOM Style,MOM STYLE,https://www.amazon.com/shop/thehillarystyle/list/33RG7LWDINUWO,yes,2026-08-04T18:39:33+00:00,2026-08-04T14:50:50-07:00,2026-08-04T12:45:04-07:00,42,a6db90bee6ffa4364098f1a885e3809024c180a616f8a5a2c23c516f1bf51abb,approved_active
341JHBPWHDBNK,IL_341JHBPWHDBNK,EUROPEAN SUMMER,EUROPEAN SUMMER CAPSULE,https://www.amazon.com/shop/thehillarystyle/list/341JHBPWHDBNK,yes,2026-08-04T18:39:33+00:00,2026-08-04T14:50:56-07:00,2026-08-04T12:45:09-07:00,42,fdeeda059b26536627284215dd55a8f1514b670790d3ff2e69f941c70af4c9d1,approved_active
34RHZWFKXT7UT,IL_34RHZWFKXT7UT,Effortless Chic Home,See all,https://www.amazon.com/shop/thehillarystyle/list/34RHZWFKXT7UT,yes,2026-08-04T12:43:18-07:00,2026-08-04T14:51:02-07:00,,42,b6d3dbffe9f155dd16cf437c474f25fe2fa0614af6f8756060b8540d41a6c848,approved_active
34VIWGR89GOO8,IL_34VIWGR89GOO8,SOFAS. ACCENT CHAIRS. OTTOMANS.,See all,https://www.amazon.com/shop/thehillarystyle/list/34VIWGR89GOO8,yes,2026-08-04T12:43:18-07:00,2026-08-04T14:51:08-07:00,,41,fc39fd3d1925bcc96fa50d82c5fde3c42c9291e4656ce9110242e69015359f6b,approved_active
370XLUWUIJAX1,IL_370XLUWUIJAX1,TEEN GIRLIES,See all,https://www.amazon.com/shop/thehillarystyle/list/370XLUWUIJAX1,yes,2026-08-04T12:43:18-07:00,2026-08-04T14:51:13-07:00,,42,dc32ef31c7e423b713d87eca049c4c2a2236f146dc7a539a27e39e7b4266107a,approved_active
395N3QLHWD5V7,IL_395N3QLHWD5V7,SKIMS LIKE BASICS,See all,https://www.amazon.com/shop/thehillarystyle/list/395N3QLHWD5V7,yes,2026-08-04T12:43:18-07:00,2026-08-04T14:51:19-07:00,,42,a2a8cb44f869dafdeef730dca857ec51782519780b9d85f9526485020420a6b3,approved_active
39AL8K1TZE306,IL_39AL8K1TZE306,TWEEN BACK TO SCHOOL,See all,https://www.amazon.com/shop/thehillarystyle/list/39AL8K1TZE306,yes,2026-08-04T12:43:18-07:00,2026-08-04T14:51:25-07:00,,42,9e7670cbd50ff0d047a25df1853ed4f8764af8ad263e6046f65dc319097549af,approved_active
39FHE4P3M78YV,IL_39FHE4P3M78YV,UNDER $50 FALL Capsule,UNDER $50 FALL,https://www.amazon.com/shop/thehillarystyle/list/39FHE4P3M78YV,yes,2026-08-04T18:39:33+00:00,2026-08-04T14:51:30-07:00,2026-08-04T12:45:14-07:00,42,9ecbf5401c201f7abe81cd2642b7f9896a130b258af2bb28fe3f627a30ab6b9d,approved_active
3BMD6XLV7JIPG,IL_3BMD6XLV7JIPG,THE Littles - GIFT GUIDE,See all,https://www.amazon.com/shop/thehillarystyle/list/3BMD6XLV7JIPG,yes,2026-08-04T12:43:18-07:00,2026-08-04T14:51:35-07:00,,39,b3f6dd2fe8d71843b201ecde7062276705dc592cf4fca470b5f72a8ab8e89a41,approved_active
3BNM8CSCBJ7VF,IL_3BNM8CSCBJ7VF,Your Currently MOST-LOVED,Your Currently MOST-LOVED 43 Items,https://www.amazon.com/shop/thehillarystyle/list/3BNM8CSCBJ7VF,yes,2026-08-04T12:43:18-07:00,2026-08-04T14:57:36-07:00,,41,48aaf695c37973345f797188b07d1f59c4da8198847e89d995118e2951591ddb,approved_active
3CETAKAWP1P7C,IL_3CETAKAWP1P7C,MAXI DRESS EDIT,THE MAXI DRESS EDIT,https://www.amazon.com/shop/thehillarystyle/list/3CETAKAWP1P7C,yes,2026-08-04T18:39:33+00:00,2026-08-04T14:51:40-07:00,2026-08-04T12:45:19-07:00,42,2ecd5baa88f9c7c249a52ceebbb11c6af1541a74d77b291d06bdf15c6e09773f,approved_active
3CQZYKSH60HA3,IL_3CQZYKSH60HA3,BOY'S Bathroom,See all,https://www.amazon.com/shop/thehillarystyle/list/3CQZYKSH60HA3,yes,2026-08-04T12:43:18-07:00,2026-08-04T14:51:46-07:00,,29,9b2cad997d02ab44a6ebb82e3a331891a935ab6ea7be614aa2eb45127b7e8e5e,approved_active
3DS692CRM1BGS,IL_3DS692CRM1BGS,BEST SELLERS,BEST SELLERS 265 Items,https://www.amazon.com/shop/thehillarystyle/list/3DS692CRM1BGS,yes,2026-08-04T12:43:18-07:00,2026-08-04T14:34:52-07:00,,42,e8f92d0eadfab5dc67b7c7eb2a1e558d74652a81119825876f9329e0ec0380cb,approved_active
3GE7XODL0Z5A3,IL_3GE7XODL0Z5A3,ATHLETIC DRESSES,ACTIVEWEAR DRESSES,https://www.amazon.com/shop/thehillarystyle/list/3GE7XODL0Z5A3,yes,2026-08-04T18:39:33+00:00,2026-08-04T14:51:51-07:00,2026-08-04T12:43:23-07:00,41,076e93c6ed1d25948600c231f4d7c19010b3c506206b15d6f608a690dd0dfb49,approved_active
3H3WH72KSZXK3,IL_3H3WH72KSZXK3,New Year's Must-Haves,See all,https://www.amazon.com/shop/thehillarystyle/list/3H3WH72KSZXK3,yes,2026-08-04T12:43:18-07:00,2026-08-04T14:51:57-07:00,,34,ab4777ff86996dfbb590506e8d51f173711346ba4f7935b36545728c44cf4231,approved_active
3HBHLKKIJRXAQ,IL_3HBHLKKIJRXAQ,FRIDGE Organization,See all,https://www.amazon.com/shop/thehillarystyle/list/3HBHLKKIJRXAQ,yes,2026-08-04T12:43:18-07:00,2026-08-04T14:52:02-07:00,,42,0a78e272b759d99fe81737b00d4f1ae7c9710fd19e7c2195cffb1222772bf869,approved_active
3ITM4V91K4422,IL_3ITM4V91K4422,FOR HER - HANDBAGS,See all,https://www.amazon.com/shop/thehillarystyle/list/3ITM4V91K4422,yes,2026-08-04T12:43:18-07:00,2026-08-04T14:52:07-07:00,,41,209c3f574d92efa7fc6e0b03ec326d54a67aa70e26a6d988aeec675ca7c23e5c,approved_active
3J2NRGA0NCDGR,IL_3J2NRGA0NCDGR,WORK WEAR,WORK WEAR,https://www.amazon.com/shop/thehillarystyle/list/3J2NRGA0NCDGR,yes,2026-08-04T18:39:33+00:00,2026-08-04T14:57:31-07:00,2026-08-04T12:45:25-07:00,41,d6a93fe221ceda2665bd8dbba42b51ffee04099168a523716cae8ceea57ea8c9,approved_active
3JCDIMAGNYZ0E,IL_3JCDIMAGNYZ0E,DESIGNER INSPIRED,See all,https://www.amazon.com/shop/thehillarystyle/list/3JCDIMAGNYZ0E,yes,2026-08-04T12:43:18-07:00,2026-08-04T14:52:13-07:00,,42,56b147e470f7f75431d55fcd4a05e3ac0c343f47324001409319ecf6cadc5550,approved_active
3KKGHGSJ1ZRYC,IL_3KKGHGSJ1ZRYC,LUXURY GIFTS,LUXURY GIFTS 108 Items,https://www.amazon.com/shop/thehillarystyle/list/3KKGHGSJ1ZRYC,yes,2026-08-04T12:43:18-07:00,2026-08-04T14:40:22-07:00,,39,4413124c2e5073ebc29cc219967be8388a49fef55d16c29de7ad9e16c8120414,approved_active
3LEWC1H0K68XB,IL_3LEWC1H0K68XB,FASHION,See all,https://www.amazon.com/shop/thehillarystyle/list/3LEWC1H0K68XB,yes,2026-08-04T12:43:18-07:00,2026-08-04T14:36:31-07:00,,42,0b901f6b76b46586e85cba902b6f78aa3c738b9a6159267b2c71587134cc519f,approved_active
3MJSZFZU5658,IL_3MJSZFZU5658,BEDDING: LUXURY finds in Our Home,BEDDING: LUXURY finds in Our Home 64 Items,https://www.amazon.com/shop/thehillarystyle/list/3MJSZFZU5658,yes,2026-08-04T12:43:18-07:00,2026-08-04T14:34:46-07:00,,41,994c8f97658ac6a52c499a31374a5bc297bb8995d2a6c46853406e00a4666cec,approved_active
3QCVRRMTI2TTQ,IL_3QCVRRMTI2TTQ,VIRAL Holiday Finds,VIRAL Holiday Finds 113 Items,https://www.amazon.com/shop/thehillarystyle/list/3QCVRRMTI2TTQ,yes,2026-08-04T12:43:18-07:00,2026-08-04T14:57:20-07:00,,42,75bcc1902744afffb4baf42c02dac18c6601cf52110b5dc9431c485238cd456a,approved_active
3QM5O5E9ELURW,IL_3QM5O5E9ELURW,PILATES PRINCESS,PILATES PRINCESS,https://www.amazon.com/shop/thehillarystyle/list/3QM5O5E9ELURW,yes,2026-08-04T18:39:33+00:00,2026-08-04T14:42:27-07:00,2026-08-04T12:45:30-07:00,41,d4a40256cdf389a3631323d7d780f2a37f1fbcce7c9e97a8f8960c75c184e7c6,approved_active
3R1F2KZC9BJXJ,IL_3R1F2KZC9BJXJ,BRIDE- Spoil Her for the Big Day!,See all,https://www.amazon.com/shop/thehillarystyle/list/3R1F2KZC9BJXJ,yes,2026-08-04T12:43:18-07:00,2026-08-04T14:53:28-07:00,,42,2bf596ce65b4efd2cc1a21868943df0dbb2a3ede75dfacb3159ed19357e53420,approved_active
3RKTIOM3H9T72,IL_3RKTIOM3H9T72,DINING ROOM,See all,https://www.amazon.com/shop/thehillarystyle/list/3RKTIOM3H9T72,yes,2026-08-04T12:43:18-07:00,2026-08-04T14:53:33-07:00,,41,421a496f1ae0ea06f7de9c6f787c06e8502879daf51f66dabbf807deb1033d62,approved_active
3RT5O1LPLW4HX,IL_3RT5O1LPLW4HX,2025 TOP SELLERS,2025 TOP SELLERS 61 Items,https://www.amazon.com/shop/thehillarystyle/list/3RT5O1LPLW4HX,yes,2026-08-04T12:43:18-07:00,2026-08-04T14:34:19-07:00,,41,153fb240cedd6ac3545093de309bea801f6fe51d83daaac05ac22ac247d15a3f,approved_active
3TE1WGJI4HUK8,IL_3TE1WGJI4HUK8,CAR ORGANIZATION,CAR ORGANIZATION 68 Items,https://www.amazon.com/shop/thehillarystyle/list/3TE1WGJI4HUK8,yes,2026-08-04T12:43:18-07:00,2026-08-04T14:35:08-07:00,,41,b1cfb2e998451e31a04d3dfbd77c3c74b722babba8b3961da24cbfc1b4a9c664,approved_active
3U58T22AIU7ZR,IL_3U58T22AIU7ZR,HOLIDAY MUST-HAVES on AMAZON LIVE,HOLIDAY MUST-HAVES on AMAZON LIVE 38 Items,https://www.amazon.com/shop/thehillarystyle/list/3U58T22AIU7ZR,yes,2026-08-04T12:43:18-07:00,2026-08-04T14:39:28-07:00,,41,4212bdeebba67096e79a57f4cbba4cf4adb21f61dcc87da88725198d5f4b9b15,approved_active
3U9GRAHOG87DY,IL_3U9GRAHOG87DY,SHATTERPROOF Beverage Glasses,SHATTERPROOF Beverage Glasses 7 Items,https://www.amazon.com/shop/thehillarystyle/list/3U9GRAHOG87DY,yes,2026-08-04T12:43:18-07:00,2026-08-04T14:56:48-07:00,,17,b13006d58348f7431b3ac3cf50d147ba34ee5717485d67da6104894628672023,approved_active
3UQI8VF6F9P66,IL_3UQI8VF6F9P66,JUST IN - Organizing & Home,JUST IN - Organizing & Home 208 Items,https://www.amazon.com/shop/thehillarystyle/list/3UQI8VF6F9P66,yes,2026-08-04T12:43:18-07:00,2026-08-04T14:40:06-07:00,,42,57cfb8631d2379b16321fc75939653858388bde0e4b88f6585a3926e53ad4887,approved_active
3VBGW6RI08DIE,IL_3VBGW6RI08DIE,HAIR CARE,See all,https://www.amazon.com/shop/thehillarystyle/list/3VBGW6RI08DIE,yes,2026-08-04T12:43:18-07:00,2026-08-04T14:53:39-07:00,,41,8f23ede7ca5c9e537af52a127c7bd45add3a40debd18896faaaf6d5e9aeb5b68,approved_active
3VW7VU2STCZ6B,IL_3VW7VU2STCZ6B,TOP MOVING/ORGANIZING,See all,https://www.amazon.com/shop/thehillarystyle/list/3VW7VU2STCZ6B,yes,2026-08-04T12:43:18-07:00,2026-08-04T14:53:44-07:00,,32,4a4709ecf49985b907b822fe35e743c17b826c8d66950c67c1261b5062fdab08,approved_active
43J6PJOVYKC9,IL_43J6PJOVYKC9,$50 WINTER FASHION,$50 WINTER FASHION 142 Items,https://www.amazon.com/shop/thehillarystyle/list/43J6PJOVYKC9,yes,2026-08-04T12:43:18-07:00,2026-08-04T14:34:14-07:00,,41,4d11d28c7cf76985a48f77d66ba3d4bbd223cd2238d5eea7ffd4e56205565cc5,approved_active
5MN6DE6JTTK2,IL_5MN6DE6JTTK2,TRANSITIONAL Fall Fashion,TRANSITIONAL FALL,https://www.amazon.com/shop/thehillarystyle/list/5MN6DE6JTTK2,yes,2026-08-04T18:39:33+00:00,2026-08-04T14:54:01-07:00,2026-08-04T12:45:35-07:00,42,33be9c06bbf704b9cae66cc05446f2037d74435af92c7df0bc3dad13becf4fb5,approved_active
76ENHDCP4NP1,IL_76ENHDCP4NP1,EARNED A SPOT FOR LIFE!,See all,https://www.amazon.com/shop/thehillarystyle/list/76ENHDCP4NP1,yes,2026-08-04T12:43:18-07:00,2026-08-04T14:54:07-07:00,,42,ba28cade70af8a883a2bb4e4093ade22a81ff6761430695c7bf203c236c4d04f,approved_active
81C70Z4U4BII,IL_81C70Z4U4BII,HOLIDAY ON SALE,See all,https://www.amazon.com/shop/thehillarystyle/list/81C70Z4U4BII,yes,2026-08-04T12:43:18-07:00,2026-08-04T14:54:12-07:00,,42,5366296d76cfed016f3ce696731750724e4643e6d14cbcecbe9052991f7cc65b,approved_active
97O81RWTU3TG,IL_97O81RWTU3TG,HARDWARE & FINISHES,See all,https://www.amazon.com/shop/thehillarystyle/list/97O81RWTU3TG,yes,2026-08-04T12:43:18-07:00,2026-08-04T14:54:18-07:00,,42,bcc4fdcbf9b4d5fd02e0fb90f8646b89f893e3f92ac644fc945af427e48d59fb,approved_active
9FXRQ038D494,IL_9FXRQ038D494,JULY TOP PICKS,See all,https://www.amazon.com/shop/thehillarystyle/list/9FXRQ038D494,yes,2026-08-04T12:43:18-07:00,2026-08-04T14:40:01-07:00,,42,0df21304e09a07a9e3d57896e13e92a875362fb3783c7a9fb00817d712fdc930,approved_active
B4MF8PKIS82A,IL_B4MF8PKIS82A,LUXE Gifting,See all,https://www.amazon.com/shop/thehillarystyle/list/B4MF8PKIS82A,yes,2026-08-04T12:43:18-07:00,2026-08-04T14:54:23-07:00,,40,b966ecf3c88dc1c0accbfc9f9bef086dfce80fd5e28c09679fc572d3ac415b46,approved_active
BWHQ5TU85DA7,IL_BWHQ5TU85DA7,Subtle Luxury Home,See all,https://www.amazon.com/shop/thehillarystyle/list/BWHQ5TU85DA7,yes,2026-08-04T12:43:18-07:00,2026-08-04T14:54:29-07:00,,42,b22e474e581fb5ed3c3cb31776f0d92e1f93ab13740b6297d31fb282a31779c1,approved_active
C4VDLQZK7ACP,IL_C4VDLQZK7ACP,SUMMER HOSTING,See all,https://www.amazon.com/shop/thehillarystyle/list/C4VDLQZK7ACP,yes,2026-08-04T12:43:18-07:00,2026-08-04T14:54:34-07:00,,42,f7bc2ee9cbfd90e764da57a1e35e6d1bcc5cba98f38ce80a3e2f5ec49a4b665e,approved_active
CQQP654U5715,IL_CQQP654U5715,HOLIDAY THEMES 2025,See all,https://www.amazon.com/shop/thehillarystyle/list/CQQP654U5715,yes,2026-08-04T12:43:18-07:00,2026-08-04T14:54:39-07:00,,40,8b11d52c3adf703071a7562eb784d2387b618b6ff9a2d8e3c6124abb2a8615f8,approved_active
CTNECHN1HUCU,IL_CTNECHN1HUCU,THE Little Black Dress,See all,https://www.amazon.com/shop/thehillarystyle/list/CTNECHN1HUCU,yes,2026-08-04T14:34:08-07:00,2026-08-04T14:54:45-07:00,2026-08-04T14:54:45-07:00,36,acea420a5509d896738b2a4418b449f8ca26920ada45205a115eba88c27ecd3b,approved_active
DB6CKD297DDB,IL_DB6CKD297DDB,Moody Luxe Home,See all,https://www.amazon.com/shop/thehillarystyle/list/DB6CKD297DDB,yes,2026-08-04T12:43:18-07:00,2026-08-04T14:54:50-07:00,,27,520a37106f5e806fc8421d9f7fec6525bf7048d7c3593088f8d9d66c0591864e,approved_active
DSS93TBPVRP5,IL_DSS93TBPVRP5,AUGUST TOP PICKS,See all,https://www.amazon.com/shop/thehillarystyle/list/DSS93TBPVRP5,yes,2026-08-04T12:43:18-07:00,2026-08-04T14:54:56-07:00,,42,6780a1abdbb5125a3cd9a8d91235a63fa198f1bb8ea4524dc77959295c8bad33,approved_active
EAQUVLIMTM7R,IL_EAQUVLIMTM7R,JUST IN...My Newest OBSESSIONS,See all,https://www.amazon.com/shop/thehillarystyle/list/EAQUVLIMTM7R,yes,2026-08-04T12:43:18-07:00,2026-08-04T14:55:01-07:00,,42,20bf4a31384ad15d56fdeb3ebc8cbd26fcda78100f8a29b34a9aa2557ee4ef6f,approved_active
ED3VXSBXPFO5,IL_ED3VXSBXPFO5,EARLY Fall,FALL,https://www.amazon.com/shop/thehillarystyle/list/ED3VXSBXPFO5,yes,2026-08-04T18:39:33+00:00,2026-08-04T14:35:50-07:00,2026-08-04T12:43:28-07:00,42,0b1758fdd7713744ef5e9e7d58bab854b80826b7a00849fef553cadc7c30b8fb,approved_active
EEJXEINH2736,IL_EEJXEINH2736,SHOPBOP Favorites,SHOPBOP Favorites 10 Items,https://www.amazon.com/shop/thehillarystyle/list/EEJXEINH2736,yes,2026-08-04T12:43:18-07:00,2026-08-04T14:56:53-07:00,,20,755ab94ef55d1b78c5d6279bf9cedca3886fe3caa16d8fe349a50db10f25c7bd,approved_active
F5Z67P4FFJC4,IL_F5Z67P4FFJC4,JANUARY Best Sellers,JANUARY Best Sellers 400 Items,https://www.amazon.com/shop/thehillarystyle/list/F5Z67P4FFJC4,yes,2026-08-04T12:43:18-07:00,2026-08-04T14:39:55-07:00,,41,150f3c2029823df27590ea92633833564da48aa3c2f0069632332d0a2dd2ee14,approved_active
FJAM99COX1K9,IL_FJAM99COX1K9,COFFEE BAR Essentials,COFFEE BAR Essentials 33 Items,https://www.amazon.com/shop/thehillarystyle/list/FJAM99COX1K9,yes,2026-08-04T12:43:18-07:00,2026-08-04T14:55:06-07:00,,42,4f5994f92e3deb4790578dbc76157d9b8718ce5b4ab4c3af2f41cece1d68500e,approved_active
IE0BGUCCDZ8X,IL_IE0BGUCCDZ8X,My Curated Gift Guide,See all,https://www.amazon.com/shop/thehillarystyle/list/IE0BGUCCDZ8X,yes,2026-08-04T12:43:18-07:00,2026-08-04T14:55:11-07:00,,42,1c61be6cd56132b0db6a2a1f46ba1af5c9432fc49704644f91175728e9819247,approved_active
IOIVGOQN9X1X,IL_IOIVGOQN9X1X,The FALL EDIT,THE FALL EDIT,https://www.amazon.com/shop/thehillarystyle/list/IOIVGOQN9X1X,yes,2026-08-04T18:39:33+00:00,2026-08-04T14:55:17-07:00,2026-08-04T12:45:40-07:00,42,b67db97b436bffa86a72b9c75038017b898a9bec6b5ec6739ad17a63e730adcf,approved_active
IRH0FVF815TU,IL_IRH0FVF815TU,HOME & BATH Essentials,See all,https://www.amazon.com/shop/thehillarystyle/list/IRH0FVF815TU,yes,2026-08-04T12:43:18-07:00,2026-08-04T14:55:22-07:00,,40,31f9b5371faca55e12d7a99708e3d0abf2be1204a95e7c36299c50bb2036f8ee,approved_active
ITC144HBA2XS,IL_ITC144HBA2XS,CANDLE HOLDERS. CANDLE STICKS.,CANDLE HOLDERS. CANDLE STICKS. 36 Items,https://www.amazon.com/shop/thehillarystyle/list/ITC144HBA2XS,yes,2026-08-04T12:43:18-07:00,2026-08-04T14:35:03-07:00,,42,37e1f34bb6bee36158d382728b6e9e5ee51fa07911c4a9fe91d4714a7cec308f,approved_active
J39K6QG9TPDR,IL_J39K6QG9TPDR,CREATOR Favorites,CREATOR Favorites 15 Items,https://www.amazon.com/shop/thehillarystyle/list/J39K6QG9TPDR,yes,2026-08-04T12:43:18-07:00,2026-08-04T14:35:34-07:00,,25,ea7d2112e2325df1283b3f5baf8d3c1b0a02730e309f7c944e151bb04d4e7d83,approved_active
J4MBZKLMALLQ,IL_J4MBZKLMALLQ,PILLOWS & THROWS,See all,https://www.amazon.com/shop/thehillarystyle/list/J4MBZKLMALLQ,yes,2026-08-04T12:43:18-07:00,2026-08-04T14:55:28-07:00,,42,0ddf69cbfb6e88da73f83484ceecb5907e4a648b06feff84811408410914d4fb,approved_active
JI222AIPC2S,IL_JI222AIPC2S,TOP SEPTEMBER DEALS,TOP SEPTEMBER DEALS 264 Items,https://www.amazon.com/shop/thehillarystyle/list/JI222AIPC2S,yes,2026-08-04T12:43:18-07:00,2026-08-04T14:57:15-07:00,,42,b3c53d99cd3fb7e3231d9d0fea019f34cb06380999bc8b407c4a135fd9265e8f,approved_active
K1RZXTONZLT1,IL_K1RZXTONZLT1,VANITY Must-Haves,See all,https://www.amazon.com/shop/thehillarystyle/list/K1RZXTONZLT1,yes,2026-08-04T12:43:18-07:00,2026-08-04T14:55:33-07:00,,34,052ae5dee5396303b1f8892bd8ac9b821d21208b857bc61ce6c7e6480708543c,approved_active
K3IDK9BPXYFW,IL_K3IDK9BPXYFW,LIGHTING - Designer Inspired,LIGHTING - Designer Inspired 227 Items,https://www.amazon.com/shop/thehillarystyle/list/K3IDK9BPXYFW,yes,2026-08-04T12:43:18-07:00,2026-08-04T14:55:38-07:00,,42,c558499fea9f819c61ada03c1a77b280d68a55b4fb4fa40ea228f5e975476294,approved_active
K5H00QYC3R1G,IL_K5H00QYC3R1G,April Amazon Live,April Amazon Live 75 Items,https://www.amazon.com/shop/thehillarystyle/list/K5H00QYC3R1G,yes,2026-08-04T12:43:18-07:00,2026-08-04T14:34:24-07:00,,42,8cc87548df30c1e9ac809eaf298c055e198f2fcb97bcfdc007c227108c47793c,approved_active
KIGFVJQ0V3OW,IL_KIGFVJQ0V3OW,My TOP Amazon Cleaning and Organizing,My TOP Amazon Cleaning and Organizing 8 Items,https://www.amazon.com/shop/thehillarystyle/list/KIGFVJQ0V3OW,yes,2026-08-04T12:43:18-07:00,2026-08-04T14:41:55-07:00,,17,2f930f99383aef5e2f9caee9632ccba5e1e5476666dceb2df349643998aa60bd,approved_active
L3V3XJ5WT8SV,IL_L3V3XJ5WT8SV,BATHROOM Essentials,BATHROOM Essentials 194 Items,https://www.amazon.com/shop/thehillarystyle/list/L3V3XJ5WT8SV,yes,2026-08-04T12:43:18-07:00,2026-08-04T14:55:43-07:00,,42,eae5c1043b3c5ac4ce3a58804fef91bb36679ad427003209a091b937a647e3c2,approved_active
M0U0DTYJP1BI,IL_M0U0DTYJP1BI,ENTRYWAY. FOYER.,ENTRYWAY. FOYER. 32 Items,https://www.amazon.com/shop/thehillarystyle/list/M0U0DTYJP1BI,yes,2026-08-04T12:43:18-07:00,2026-08-04T14:36:25-07:00,,40,def4f1bb003c7cc26df22a3e10f566d78f6518dae1ccf89fb76b49b876be2b8a,approved_active
M615BEYW486F,IL_M615BEYW486F,Home UPGRADES,Home UPGRADES 19 Items,https://www.amazon.com/shop/thehillarystyle/list/M615BEYW486F,yes,2026-08-04T12:43:18-07:00,2026-08-04T14:39:39-07:00,,28,479be2d9076077b60ccb69781fbeb7b0f3adb40333fedf90db3e25118df5f529,approved_active
O5BIFXCH5S3Y,IL_O5BIFXCH5S3Y,CURTAINS,See all,https://www.amazon.com/shop/thehillarystyle/list/O5BIFXCH5S3Y,yes,2026-08-04T12:43:18-07:00,2026-08-04T14:55:49-07:00,,38,8670aad36c9f2d29345f1e1590cc426d8862bb3d223e2eb16c180b3c1e71db64,approved_active
O65RH2OR0EF3,IL_O65RH2OR0EF3,TEEN GUYS,See all,https://www.amazon.com/shop/thehillarystyle/list/O65RH2OR0EF3,yes,2026-08-04T12:43:18-07:00,2026-08-04T14:55:54-07:00,,42,5dd78ad62ed5fc196af51982c4cf58eeee18f9a4a2929e4eca5fda352f8c6730,approved_active
OB8CSFU2LS6V,IL_OB8CSFU2LS6V,MY TOP PRODUCTS FOR JULY,See all,https://www.amazon.com/shop/thehillarystyle/list/OB8CSFU2LS6V,yes,2026-08-04T12:43:18-07:00,2026-08-04T14:55:59-07:00,,38,2be7dd5300721424bd513e4e6af4fdbf0a7f01e59f116e6eccf355d9739c3d9f,approved_active
OJUSIV7RIXZX,IL_OJUSIV7RIXZX,GIFTS UNDER $25,GIFTS UNDER $25 93 Items,https://www.amazon.com/shop/thehillarystyle/list/OJUSIV7RIXZX,yes,2026-08-04T12:43:18-07:00,2026-08-04T14:39:01-07:00,,41,0586690bbb5e274518180c0bd3329588739fe487dd4789121d5aa2568f2bf242,approved_active
PN4A9X7BMPFX,IL_PN4A9X7BMPFX,WINTER FASHION,WINTER FASHION 219 Items,https://www.amazon.com/shop/thehillarystyle/list/PN4A9X7BMPFX,yes,2026-08-04T12:43:18-07:00,2026-08-04T14:57:26-07:00,,42,3344566da1d8911b790dd9fd5a3ef28f523f5f25e47aa2f30bfaf1b370c654f3,approved_active
Q8UFO5D52NKD,IL_Q8UFO5D52NKD,BATHROOM Organization,See all,https://www.amazon.com/shop/thehillarystyle/list/Q8UFO5D52NKD,yes,2026-08-04T12:43:18-07:00,2026-08-04T14:56:05-07:00,,42,376c2f6e32d457f733c88f434b7df498559739b26bedc7cac738edc40bfac9b2,approved_active
QR27F03IP4AQ,IL_QR27F03IP4AQ,CHIC 2-PIECE SETS,MATCHING SETS,https://www.amazon.com/shop/thehillarystyle/list/QR27F03IP4AQ,yes,2026-08-04T18:39:33+00:00,2026-08-04T14:56:10-07:00,2026-08-04T12:45:46-07:00,42,f7007fde8e2000978bafe6ae3744114c2bc5dd95bba7562fdc26ad90798e6b11,approved_active
QWA0HLMH0ZPN,IL_QWA0HLMH0ZPN,BATHROOM REMODEL,See all,https://www.amazon.com/shop/thehillarystyle/list/QWA0HLMH0ZPN,yes,2026-08-04T12:43:18-07:00,2026-08-04T14:34:35-07:00,,42,94dfdb58e9e8edf753f77295533f2484c7bee4314e77692ab3a58fcf83df7c00,approved_active
SC6UJV027JAK,IL_SC6UJV027JAK,In MY Travel Bag,TRAVEL ESSENTIALS LIST,https://www.amazon.com/shop/thehillarystyle/list/SC6UJV027JAK,yes,2026-08-04T18:39:33+00:00,2026-08-04T14:39:44-07:00,2026-08-04T12:45:51-07:00,42,a7031c119ab4de8fb10e6b519e0889bd55c690130806cdc823b25991c57ce88e,approved_active
T9AHRYR4TO4W,IL_T9AHRYR4TO4W,Our SITTING ROOM,Our SITTING ROOM 13 Items,https://www.amazon.com/shop/thehillarystyle/list/T9AHRYR4TO4W,yes,2026-08-04T12:43:18-07:00,2026-08-04T14:42:16-07:00,,23,05e75cdca2648436481f19505ac00745918e0d1d06aae206377e37642259f6c7,approved_active
TOLRF8ZU3T5K,IL_TOLRF8ZU3T5K,HALLOWEEN,HALLOWEEN,https://www.amazon.com/shop/thehillarystyle/list/TOLRF8ZU3T5K,yes,2026-08-04T18:39:33+00:00,2026-08-04T14:39:12-07:00,2026-08-04T12:43:34-07:00,42,68961536f1069d27d88ae29e95a7d8b61ccda6148e2ad0c6558b385c84d3747c,approved_active
V4V7ASEQMWKK,IL_V4V7ASEQMWKK,ELEVATED KITCHEN Must-Haves,See all,https://www.amazon.com/shop/thehillarystyle/list/V4V7ASEQMWKK,yes,2026-08-04T12:43:18-07:00,2026-08-04T14:56:16-07:00,,42,2a1c14cd2531890dd8ef443c0a1ce79cc8de86b1a8b6d26e78f10f0f62b8e639,approved_active
VI6A3WXDHHDU,IL_VI6A3WXDHHDU,OUTDOOR Oasis,See all,https://www.amazon.com/shop/thehillarystyle/list/VI6A3WXDHHDU,yes,2026-08-04T12:43:18-07:00,2026-08-04T14:56:21-07:00,,42,369ce3843e7a70948aa996ffa499128246479f7b850ae89e74c8338229da20c0,approved_active
VRW78IY69242,IL_VRW78IY69242,FAUX INDOOR/OUTDOOR,See all,https://www.amazon.com/shop/thehillarystyle/list/VRW78IY69242,yes,2026-08-04T12:43:18-07:00,2026-08-04T14:56:26-07:00,,35,5437bbc0668dfd7b9bfe80707d48f9e21f413b2da0ca78c740c1988f5ec22eae,approved_active
WMCP8YLCXSCD,IL_WMCP8YLCXSCD,Vanity Organization,See all,https://www.amazon.com/shop/thehillarystyle/list/WMCP8YLCXSCD,yes,2026-08-04T12:43:18-07:00,2026-08-04T14:56:32-07:00,,41,34405a35aa1168c31f22ba5e51435e7166c210b12c55e5fcad1697f7aa720a1b,approved_active
WPS59NJ19M48,IL_WPS59NJ19M48,BEAUTY & SKINCARE,See all,https://www.amazon.com/shop/thehillarystyle/list/WPS59NJ19M48,yes,2026-08-04T12:43:18-07:00,2026-08-04T14:56:37-07:00,,40,49a7736443e4b4939b4d8579a346c73d68bf87bf273f6d3a2e546ebe4cca8240,approved_active
WU8FIFLKC1R5,IL_WU8FIFLKC1R5,ELEVATED HOLIDAY FASHION,ELEVATED HOLIDAY FASHION 73 Items,https://www.amazon.com/shop/thehillarystyle/list/WU8FIFLKC1R5,yes,2026-08-04T12:43:18-07:00,2026-08-04T14:36:01-07:00,,42,668908acd5435dac1b324579662381fa8bf4dee461c93e9ce4bef51c792442e1,approved_active
YYM41OHGI1KQ,IL_YYM41OHGI1KQ,GIFTING,See all,https://www.amazon.com/shop/thehillarystyle/list/YYM41OHGI1KQ,yes,2026-08-04T12:43:18-07:00,2026-08-04T14:38:56-07:00,,40,c96fa7d3b91e86d48b1c92eb10d115f820bef1a715fa6f2d3af8ca437fbf9f23,approved_active
ZN8TBHK35E0D,IL_ZN8TBHK35E0D,HOLIDAY ESSENTIALS,See all,https://www.amazon.com/shop/thehillarystyle/list/ZN8TBHK35E0D,yes,2026-08-04T12:43:18-07:00,2026-08-04T14:56:43-07:00,,42,6d3ec31ff7d8962fff298383e31e77af3ccdc0b2a8574c5a0b2af68dce2765de,approved_active
